idx,gnn_in_dim,gnn_hidden_dim,gnn_out_dim,gnn_num_layers,mlp_in_dim,mlp_hidden_dim,mlp_out_dim,mlp_num_layers,gnn_p_in,gnn_p_hidden,gnn_p_out,mlp_p_in,mlp_p_hidden,mlp_p_out,conv,gnn_skip_connections,median_nodes,median_edges,median_degree,runtime_synth,bram,dsp,build_idx,vitis_tool_runtime,latency_pred,bram_pred,sklearn_latency_infrence_time,sklearn_bram_infrence_time
100174,11,128,64,4,192,64,19,1,1,8,2,4,4,1,gin,False,12,24,1,0.00019956357,582,377,100174,614.75,210.72110962499625,593.937261904762,0.001876334111111111,0.0022188894444444443
100634,11,128,64,4,192,128,19,3,1,4,2,4,8,1,gin,False,12,24,1,0.0002790639899999,484,273,100634,761.64,290.2590396963889,475.3359848484849,0.0017880746666666667,0.0017969087777777778
100825,11,128,64,4,192,256,19,1,1,8,2,8,4,1,gin,False,12,24,1,0.00021064581,636,393,100825,700.78,210.72110962499625,640.0755952380953,0.001799517888888889,0.0017749804444444446
102021,11,128,128,1,384,256,19,4,1,4,4,8,2,1,gin,True,12,24,1,0.00036801828,359,44,102021,292.0,329.6378103515724,355.1166666666667,0.0017864676666666667,0.001779629888888889
103793,11,128,128,2,384,256,19,2,1,4,2,4,8,1,gin,True,12,24,1,0.00024546096,377,143,103793,481.82,250.41376220735128,379.6483333333333,0.0017659633333333333,0.0017490745555555555
103830,11,128,128,2,384,256,19,2,1,8,4,8,2,1,gin,True,12,24,1,0.00023798178,419,137,103830,440.0,252.99383480599235,385.5505555555555,0.001739967111111111,0.0017442265555555555
104079,11,128,128,2,384,64,19,1,1,8,8,4,2,1,gin,False,12,24,1,0.00014629023,311,157,104079,351.52,157.6204005793964,314.99333333333334,0.0017361857777777778,0.001735958888888889
104519,11,128,128,2,384,128,19,3,1,4,2,2,8,1,gin,False,12,24,1,0.00024028947,385,191,104519,417.78,237.2151981428477,383.65666666666664,0.001741508,0.0017350997777777777
105742,11,128,128,3,384,256,19,2,1,4,4,2,4,1,gin,True,12,24,1,0.0003009987,383,108,105742,574.68,307.2304014414948,373.12645909645914,0.001734632888888889,0.0017328526666666668
105901,11,128,128,3,384,256,19,4,1,4,2,8,4,1,gin,True,12,24,1,0.00034413552,575,156,105901,640.9,323.025112162072,491.61626984126985,0.0017369872222222223,0.0017336576666666667
106536,11,128,128,3,384,128,19,4,1,2,8,4,2,1,gin,False,12,24,1,0.0005373154799999,339,64,106536,494.69,537.3061520356779,353.66738095238094,0.0017339436666666667,0.0017333062222222222
106647,11,128,128,3,384,256,19,1,1,4,8,8,2,1,gin,False,12,24,1,0.00026266707,395,114,106647,406.71,274.97787989864196,385.6436507936508,0.001737613111111111,0.001731365
107205,11,128,128,4,384,64,19,4,1,4,4,8,2,1,gin,True,12,24,1,0.000300699,357,143,107205,587.8,308.1653479120803,360.3514069264069,0.001734688111111111,0.0017299176666666668
107864,11,128,128,4,384,256,19,4,1,4,8,8,8,1,gin,True,12,24,1,0.0003061935,691,393,107864,778.66,293.87628221687714,690.7416666666666,0.001734512,0.0017423576666666667
108649,11,128,128,4,384,256,19,2,1,4,2,2,4,1,gin,False,12,24,1,0.0003784878,439,133,108649,701.25,337.05867139284624,381.6772527472528,0.0017364013333333332,0.0017301532222222223
108970,11,128,256,1,768,64,19,2,1,2,8,8,4,1,gin,True,12,24,1,0.00017027289,215,70,108970,290.14,151.39544375,220.52142857142857,0.0017350895555555555,0.0017339867777777778
110402,11,128,256,1,768,128,19,3,1,8,8,8,8,1,gin,False,12,24,1,0.00017590392,417,218,110402,301.84,194.91243412499352,411.1833333333334,0.001741285111111111,0.0017318063333333332
111948,11,128,256,2,768,64,19,3,1,2,2,8,2,1,gin,False,12,24,1,0.00050087862,247,47,111948,352.91,444.3983096249811,274.53215658610395,0.0017296003333333333,0.0017358706666666668
112827,11,128,256,3,768,64,19,1,1,8,8,4,2,1,gin,True,12,24,1,0.00021251727,525,286,112827,494.02,222.09809352939118,533.4582936507936,0.001739126111111111,0.0017308687777777777
113190,11,128,256,3,768,128,19,2,1,4,2,8,2,1,gin,True,12,24,1,0.00040060233,405,94,113190,558.33,378.0365770714286,389.2170634920635,0.00173608,0.0017352632222222223
11343,11,64,128,2,384,256,19,1,1,2,2,4,2,1,gcn,False,12,24,1,0.00024434541,204,105,11343,391.38,274.05263811427716,244.3739747679221,0.001737185888888889,0.0017306106666666668
113903,11,128,256,3,768,64,19,3,1,2,4,8,8,1,gin,False,12,24,1,0.00049321296,439,234,113903,663.56,464.7596322856837,445.4333333333333,0.001733589888888889,0.001730494111111111
114526,11,128,256,3,768,256,19,2,1,8,8,2,4,1,gin,False,12,24,1,0.00029921382,601,304,114526,516.59,286.9637930986313,582.8025,0.001739758,0.0017282176666666667
11453,11,64,128,2,384,256,19,2,1,4,2,4,8,1,gcn,False,12,24,1,0.0001631500199999,348,205,11453,461.83,174.11280259281472,345.3183333333333,0.0017405156666666667,0.001726811
114700,11,128,256,4,768,64,19,1,1,2,2,4,4,1,gin,True,12,24,1,0.00071902359,335,59,114700,437.43,766.0236595499897,353.6897402597403,0.0017264996666666668,0.001727058111111111
115415,11,128,256,4,768,256,19,1,1,8,4,8,8,1,gin,True,12,24,1,0.0002682315,873,445,115415,846.32,268.33516337484514,856.1,0.001732765,0.0017253254444444446
115584,11,128,256,4,768,256,19,3,1,8,8,8,2,1,gin,True,12,24,1,0.0004054275,859,431,115584,769.31,372.21414403846154,807.0,0.001730389888888889,0.0017300373333333332
115778,11,128,256,4,768,64,19,2,1,4,2,2,8,1,gin,False,12,24,1,0.00041130162,461,193,115778,575.56,386.78892707142364,449.39217532467535,0.0017356817777777777,0.0017314712222222222
115898,11,128,256,4,768,64,19,3,1,8,4,4,8,1,gin,False,12,24,1,0.0002606490899999,815,541,115898,917.24,263.81340029996767,823.2,0.0017334877777777776,0.0017334977777777778
116236,11,128,256,4,768,128,19,4,1,2,2,2,4,1,gin,False,12,24,1,0.00077137452,397,99,116236,601.36,927.4321394999758,384.0164285714286,0.0017365326666666668,0.001725310888888889
116967,11,256,64,1,192,128,19,1,1,2,2,4,2,1,gin,True,12,24,1,0.00015176475,126,22,116967,220.62,154.5987687,130.01333333333332,0.001729100111111111,0.0017304743333333332
118012,11,256,64,1,192,128,19,1,1,8,8,4,4,1,gin,False,12,24,1,9.981009e-05,138,38,118012,290.26,102.78198735000001,135.31,0.0017290407777777778,0.001726228
11944,11,64,128,3,384,64,19,4,1,4,4,2,4,1,gcn,True,12,24,1,0.00014380272,283,252,11944,644.57,140.26437299998375,302.75238095238103,0.001732932111111111,0.0017301387777777777
123470,11,256,64,4,192,64,19,1,1,2,8,8,8,1,gin,False,12,24,1,0.00107613945,394,123,123470,470.75,1077.829758,410.4059523809524,0.0017339075555555556,0.0017305497777777778
1236,11,64,64,1,192,64,19,4,1,2,8,4,2,1,gcn,False,12,24,1,7.170156e-05,132,52,1236,317.26,84.74871671428572,128.88333333333333,0.0017370664444444446,0.001731873
125103,11,256,128,1,384,256,19,1,1,4,4,4,2,1,gin,True,12,24,1,0.00019992987,179,24,125103,190.32,191.5037600999965,177.47833333333332,0.0017332415555555555,0.0017300814444444444
125522,11,256,128,1,384,64,19,2,1,4,8,8,8,1,gin,False,12,24,1,0.00010341648,251,154,125522,282.37,113.49312659999582,251.25214285714287,0.001734318111111111,0.001732817
125675,11,256,128,1,384,64,19,4,1,4,4,8,8,1,gin,False,12,24,1,0.0001500564599999,391,278,125675,429.15,152.3964779571153,380.6333333333333,0.0017346067777777778,0.0017298567777777778
125897,11,256,128,1,384,128,19,3,1,2,8,4,8,1,gin,False,12,24,1,0.00011422899,333,186,125897,327.56,112.17330885000001,325.8,0.0017330956666666668,0.0017356204444444446
126933,11,256,128,2,384,128,19,4,1,2,2,8,2,1,gin,True,12,24,1,0.00069338592,295,51,126933,323.67,701.2217430000001,272.7860382599857,0.0017296672222222222,0.0017286243333333332
127420,11,256,128,2,384,64,19,2,1,2,2,8,4,1,gin,False,12,24,1,0.00062905032,223,73,127420,316.65,649.7832330000002,259.2927049266523,0.0017303832222222222,0.0017308535555555554
127879,11,256,128,2,384,128,19,3,1,8,2,8,4,1,gin,False,12,24,1,0.00024207435,345,167,127879,418.35,258.03330469999645,331.5790476190476,0.001734806888888889,0.0017311
131337,11,256,128,4,384,64,19,2,1,4,4,2,2,1,gin,False,12,24,1,0.00051349266,357,123,131337,558.04,511.276545,381.2810317460318,0.001731813,0.001729937111111111
131432,11,256,128,4,384,64,19,3,1,4,8,4,8,1,gin,False,12,24,1,0.00049133151,529,297,131432,661.52,493.54762500000004,513.3972943722944,0.001725726111111111,0.0017277312222222223
131560,11,256,128,4,384,128,19,1,1,2,4,8,4,1,gin,False,12,24,1,0.00109304253,379,79,131560,512.75,1091.3522220000004,380.19103174603174,0.0017301434444444445,0.0017283395555555555
134469,11,256,256,2,768,128,19,1,1,2,4,2,2,1,gin,True,12,24,1,0.00072904689,223,31,134469,414.4,708.3539370000001,250.77128205128207,0.0017260077777777778,0.001724662888888889
134473,11,256,256,2,768,128,19,1,1,2,4,4,4,1,gin,True,12,24,1,0.00066481119,323,45,134473,322.06,656.9354070000002,298.4108434547908,0.0017294536666666667,0.0017185917777777777
134680,11,256,256,2,768,128,19,3,1,8,2,4,4,1,gin,True,12,24,1,0.00033221745,423,151,134680,508.09,324.47135321976504,384.7741666666667,0.0017113436666666667,0.0017126137777777777
135746,11,256,256,2,768,128,19,4,1,8,4,8,8,1,gin,False,12,24,1,0.00025580727,629,379,135746,486.19,298.53160596976994,636.6,0.0017203026666666667,0.0017195326666666667
135909,11,256,256,2,768,256,19,2,1,8,8,2,2,1,gin,False,12,24,1,0.00046909044,379,157,135909,386.43,418.72286064283963,371.1408333333333,0.001717902,0.0017167886666666667
136141,11,256,256,3,768,64,19,1,1,8,2,8,4,1,gin,True,12,24,1,0.0003687109199999,493,264,136141,516.91,364.0524204642511,533.4582936507936,0.001717250111111111,0.0017207564444444445
136272,11,256,256,3,768,64,19,3,1,4,2,4,2,1,gin,True,12,24,1,0.00053280333,337,90,136272,422.0,536.2263479999999,364.2215656565657,0.0017097086666666666,0.0017187633333333333
136344,11,256,256,3,768,64,19,4,1,2,8,4,2,1,gin,True,12,24,1,0.00091050192,347,64,136344,435.04,917.642994,359.06799422799423,0.0017184366666666668,0.0017158616666666667
136384,11,256,256,3,768,64,19,4,1,8,2,8,4,1,gin,True,12,24,1,0.00037589373,553,312,136384,589.64,364.30150446426114,533.4582936507936,0.0017156752222222222,0.0017177917777777777
136572,11,256,256,3,768,128,19,3,1,2,2,8,2,1,gin,True,12,24,1,0.000969696,437,56,136572,393.89,963.8710530000001,397.8333333333333,0.00171786,0.001718078111111111
136795,11,256,256,3,768,256,19,1,1,8,4,4,4,1,gin,True,12,24,1,0.00035466165,575,264,136795,650.93,379.1042702142562,582.8025,0.0017111017777777778,0.0017188214444444445
13996,11,64,128,4,384,128,19,1,1,8,4,2,4,1,gcn,True,12,24,1,0.00015794523,432,403,13996,745.67,154.54440010713802,442.9095238095239,0.0017251293333333333,0.0017223184444444446
141359,11,64,64,1,192,128,19,2,1,2,4,4,8,1,pna,False,12,24,1,0.0001492539299999,250,150,141359,390.91,152.82629849994635,249.16666666666669,0.0017310102222222222,0.0017193244444444445
142101,11,64,64,2,192,64,19,3,1,4,2,2,2,1,pna,True,12,24,1,0.00046561725,289,104,142101,505.36,516.0693862500001,311.8,0.0017316037777777777,0.0017250442222222222
142277,11,64,64,2,192,128,19,1,1,4,4,4,8,1,pna,True,12,24,1,0.00030702267,321,150,142277,544.51,419.58717800000005,368.0333333333333,0.0017149725555555555,0.0017425626666666668
144029,11,64,64,3,192,64,19,3,1,2,4,2,8,1,pna,True,12,24,1,0.00111212676,504,256,144029,796.63,1343.2805137499977,465.027619047619,0.0017205965555555556,0.0017318736666666668
144289,11,64,64,3,192,128,19,2,1,4,2,2,4,1,pna,True,12,24,1,0.00062351919,468,182,144289,658.79,621.932667,460.00476190476195,0.0017183174444444446,0.0017130634444444445
144511,11,64,64,3,192,256,19,1,1,2,2,8,4,1,pna,True,12,24,1,0.00139378482,356,124,144511,583.41,1524.3644152499926,396.6595238095239,0.001716746888888889,0.0017195257777777777
14480,11,64,128,4,384,256,19,3,1,8,2,8,8,1,gcn,True,12,24,1,0.00019303677,632,575,14480,1026.75,187.58270967856248,608.5821428571428,0.001737866,0.0017119163333333333
145966,11,64,64,4,192,64,19,3,1,2,2,4,4,1,pna,True,12,24,1,0.00195759045,427,168,145966,905.26,1927.7598659999999,452.797619047619,0.001734938,0.0017167255555555554
146791,11,64,64,4,192,64,19,1,1,2,8,2,4,1,pna,False,12,24,1,0.00161246925,489,200,146791,813.74,1617.70459275,478.58952380952377,0.0017243735555555555,0.0017406547777777778
147263,11,64,64,4,192,128,19,3,1,2,2,4,8,1,pna,False,12,24,1,0.00196081389,557,284,147263,929.69,1944.0731752499996,528.5642857142858,0.0017202995555555556,0.0017351593333333332
147764,11,64,128,1,384,64,19,1,1,2,8,2,8,1,pna,True,12,24,1,0.0001555443,251,122,147764,318.86,156.46626599999666,250.2666666666667,0.0017110962222222222,0.001720065888888889
150815,11,64,128,2,384,64,19,2,1,8,8,2,8,1,pna,False,12,24,1,0.00024873102,616,394,150815,622.19,334.10439080000003,616.0,0.0017144203333333333,0.0017199706666666667
150930,11,64,128,2,384,64,19,4,1,4,2,2,2,1,pna,False,12,24,1,0.00077277312,326,108,150930,599.43,901.691517,325.4666666666667,0.001728501111111111,0.0017193966666666667
151797,11,64,128,3,384,64,19,3,1,2,2,4,2,1,pna,True,12,24,1,0.0019576737,345,106,151797,706.76,1822.4995094999922,417.18095238095236,0.001747129111111111,0.0017155796666666668
151949,11,64,128,3,384,64,19,4,1,8,8,2,8,1,pna,True,12,24,1,0.00038915379,1007,730,151949,1196.23,393.48515429999827,984.2,0.001713227,0.0017267292222222222
152216,11,64,128,3,384,128,19,4,1,2,4,8,8,1,pna,True,12,24,1,0.00140335191,633,368,152216,827.25,1371.913019249998,555.9347619047619,0.001721531,0.001734751888888889
152586,11,64,128,3,384,256,19,4,1,8,4,2,2,1,pna,True,12,24,1,0.00069368895,855,452,152586,983.73,695.6300624999847,877.8,0.001714921111111111,0.0017216265555555555
152615,11,64,128,3,384,64,19,1,1,2,4,2,8,1,pna,False,12,24,1,0.00139355172,377,128,152615,611.11,1340.063483999998,420.1728571428572,0.0017169956666666668,0.0017203013333333332
153829,11,64,128,4,384,64,19,4,1,2,4,2,4,1,pna,True,12,24,1,0.00197650152,516,192,153829,967.37,1937.215401,509.98476190476185,0.001730792888888889,0.0017154806666666667
154341,11,64,128,4,384,256,19,2,1,4,4,2,2,1,pna,True,12,24,1,0.00093232008,722,248,154341,880.23,981.6693480000001,701.95,0.001735794111111111,0.0017225825555555554
156880,11,64,256,1,768,128,19,1,1,8,4,2,4,1,pna,False,12,24,1,0.00050572044,277,58,156880,378.68,505.72043999999994,277.0,0.0017212415555555554,0.0017351003333333332
157521,11,64,256,2,768,64,19,1,1,8,2,4,2,1,pna,True,12,24,1,0.00085798449,534,208,157521,564.86,857.2990649999965,532.5,0.0017174773333333332,0.0017348745555555555
157842,11,64,256,2,768,128,19,1,1,8,2,2,2,1,pna,True,12,24,1,0.00092319921,504,204,157842,524.12,914.1290669999968,505.5,0.0017194893333333332,0.0017139627777777778
158044,11,64,256,2,768,128,19,4,1,2,4,4,4,1,pna,True,12,24,1,0.00142526664,508,144,158044,544.99,1544.2949092499744,528.7916666666666,0.0017112192222222223,0.0017199446666666667
158284,11,64,256,2,768,256,19,3,1,2,4,2,4,1,pna,True,12,24,1,0.0015113171699999,520,120,158284,612.94,1525.5219509999545,509.225,0.0017359205555555555,0.0017154288888888889
158553,11,64,256,2,768,64,19,2,1,4,4,2,2,1,pna,False,12,24,1,0.00080038548,438,120,158553,519.23,806.6752395,445.5516666666666,0.001736526111111111,0.001710406
158686,11,64,256,2,768,64,19,4,1,2,2,8,4,1,pna,False,12,24,1,0.00248745339,376,144,158686,645.27,2262.124000499998,412.93999999999994,0.0017200102222222223,0.0017342583333333332
159023,11,64,256,2,768,128,19,4,1,2,8,2,8,1,pna,False,12,24,1,0.00086874372,742,348,159023,674.77,956.1248347499989,737.8666666666667,0.0017157463333333334,0.0017351596666666668
161417,11,64,256,4,768,64,19,1,1,8,4,2,8,1,pna,True,12,24,1,0.00073104489,1198,666,161417,1183.6,731.04489,1198.0,0.001718204888888889,0.0017187063333333333
162606,11,64,256,4,768,64,19,4,1,4,4,4,2,1,pna,False,12,24,1,0.0011133522,774,260,162606,925.99,1108.7604075,773.3,0.0017145883333333333,0.0017252957777777777
162685,11,64,256,4,768,128,19,1,1,4,4,2,4,1,pna,False,12,24,1,0.00111844377,760,250,162685,878.6,1088.0954265,760.7,0.0017330283333333333,0.0017206094444444445
163287,11,64,256,4,768,256,19,4,1,8,8,2,2,1,pna,False,12,24,1,0.00093076164,1290,740,163287,1291.19,930.76164,1290.0,0.0017363423333333333,0.0017201865555555554
163608,11,128,64,1,192,64,19,4,1,8,4,8,2,1,pna,True,12,24,1,0.00016282701,164,76,163608,401.74,161.06605049999297,165.85,0.0017244106666666668,0.001735289111111111
165000,11,128,64,1,192,256,19,2,1,2,2,4,2,1,pna,False,12,24,1,0.00033705927,230,46,165000,353.07,332.90609400000005,227.95,0.0017192207777777778,0.0017369356666666667
16538,11,64,256,1,768,64,19,1,1,2,4,4,8,1,gcn,False,12,24,1,0.00012636351,181,66,16538,269.14,137.17413762499936,182.75,0.001717160111111111,0.0017271636666666668
165767,11,128,64,2,192,128,19,3,1,4,4,4,8,1,pna,True,12,24,1,0.00054840105,587,278,165767,642.56,528.2673612500001,536.6116666666667,0.0017126376666666667,0.0017108313333333333
165778,11,128,64,2,192,128,19,3,1,4,8,8,4,1,pna,True,12,24,1,0.00041910381,531,242,165778,607.61,517.3525092500001,537.9783333333334,0.001743683111111111,0.0017123217777777777
166223,11,128,64,2,192,64,19,1,1,2,4,2,8,1,pna,False,12,24,1,0.00102137427,333,100,166223,468.35,1015.0413093000001,364.50666666666666,0.001733754,0.0017134286666666667
166859,11,128,64,2,192,128,19,4,1,8,8,8,8,1,pna,False,12,24,1,0.00024507468,849,570,166859,811.03,290.69162480000006,850.0,0.001727292888888889,0.0017346707777777777
167800,11,128,64,3,192,128,19,4,1,4,8,4,4,1,pna,True,12,24,1,0.00099983583,802,306,167800,853.82,1110.3548114999983,781.15,0.0017140094444444444,0.0017393816666666667
168728,11,128,64,3,192,128,19,4,1,2,2,4,8,1,pna,False,12,24,1,0.00378097857,664,322,168728,849.76,3539.3478592500005,668.5699999999999,0.0017135937777777777,0.0017231886666666668
169062,11,128,64,3,192,256,19,4,1,2,4,8,2,1,pna,False,12,24,1,0.00343854135,640,135,169062,809.71,3531.2997487500006,668.5699999999999,0.0017206562222222223,0.0017181384444444445
170039,11,128,64,4,192,256,19,4,1,2,8,2,8,1,pna,True,12,24,1,0.0053101278899999,1011,406,170039,1159.43,5310.127889999901,1021.7,0.001744818111111111,0.0017200537777777778
170500,11,128,64,4,192,128,19,1,1,8,8,4,4,1,pna,False,12,24,1,0.00056355921,1537,742,170500,1209.1,557.8289460000001,1539.1,0.0017329473333333332,0.0017181085555555554
170888,11,128,64,4,192,256,19,2,1,8,2,4,8,1,pna,False,12,24,1,0.000789876,1579,718,170888,1229.11,787.1968485000001,1576.9,0.001714561888888889,0.0017395627777777778
172239,11,128,128,1,384,64,19,3,1,4,2,8,2,1,pna,False,12,24,1,0.00046242378,173,58,172239,401.73,495.5227867500001,177.34999999999997,0.001716833888888889,0.001738534
17287,11,64,256,1,768,256,19,2,1,4,2,8,4,1,gcn,False,12,24,1,0.00022419225,445,76,17287,321.72,234.64934751428086,440.15,0.0017205414444444445,0.0017216236666666668
173118,11,128,128,2,384,64,19,2,1,2,8,4,2,1,pna,True,12,24,1,0.00104560668,468,146,173118,498.09,1060.549278,470.16,0.001721483,0.001720079111111111
173326,11,128,128,2,384,64,19,4,1,8,4,4,4,1,pna,True,12,24,1,0.0004691304,724,294,173326,659.11,465.450746299998,722.8333333333333,0.001731461111111111,0.0017160947777777778
174344,11,128,128,2,384,128,19,1,1,4,2,4,8,1,pna,False,12,24,1,0.00137584611,410,130,174344,464.71,1415.184737549999,422.59000000000003,0.0017346815555555554,0.0017251655555555554
174457,11,128,128,2,384,128,19,2,1,8,4,2,4,1,pna,False,12,24,1,0.0004860801,718,254,174457,602.71,467.145716299998,736.0833333333333,0.001723483888888889,0.001732373888888889
174658,11,128,128,2,384,256,19,1,1,2,8,4,4,1,pna,False,12,24,1,0.00105655239,568,152,174658,489.34,1340.5344070499991,507.18999999999994,0.0017262017777777779,0.0017427563333333332
174802,11,128,128,2,384,256,19,3,1,2,2,4,4,1,pna,False,12,24,1,0.00271792269,552,113,174802,613.97,2398.607358299999,542.9783333333334,0.0017215036666666668,0.001721076888888889
175322,11,128,128,3,384,128,19,1,1,4,4,2,8,1,pna,True,12,24,1,0.00140444082,725,198,175322,726.35,1391.0071559999983,734.6033333333332,0.0017128784444444445,0.0017264254444444445
175679,11,128,128,3,384,256,19,1,1,8,4,8,8,1,pna,True,12,24,1,0.0006287905799999,1243,506,175679,957.8,658.9204754999346,1238.2,0.0017375784444444444,0.0017384047777777778
175778,11,128,128,3,384,256,19,3,1,2,2,8,8,1,pna,True,12,24,1,0.00488361816,703,290,175778,776.47,4674.020966999999,705.2033333333333,0.001730407888888889,0.0017103392222222224
176117,11,128,128,3,384,64,19,3,1,2,8,4,8,1,pna,False,12,24,1,0.0032393907,759,329,176117,886.74,3539.3478592500005,727.3,0.0017201193333333334,0.001744111111111111
17625,11,64,256,2,768,64,19,2,1,4,8,4,2,1,gcn,True,12,24,1,0.0001493505,240,139,17625,419.34,150.50996899999666,285.96587453482186,0.0017123627777777778,0.0017234672222222222
176727,11,128,128,3,384,256,19,2,1,8,4,4,2,1,pna,False,12,24,1,0.00073629297,1219,448,176727,932.07,718.5957404999897,1223.8,0.0017187862222222223,0.0017205985555555556
176953,11,128,128,4,384,64,19,1,1,4,8,4,4,1,pna,True,12,24,1,0.00169619877,1118,322,176953,985.59,1684.8983872499998,1097.3,0.0017172962222222223,0.0017226695555555556
177343,11,128,128,4,384,128,19,2,1,4,2,8,4,1,pna,True,12,24,1,0.00252848232,918,270,177343,952.52,2486.8681424999995,922.9,0.0017343796666666668,0.001730444888888889
1778,11,64,64,1,192,256,19,2,1,8,8,4,8,1,gcn,False,12,24,1,6.707952000000001e-05,250,134,1778,338.59,76.47389236623044,247.96404761904765,0.0017264573333333332,0.001712447888888889
178373,11,128,128,4,384,128,19,3,1,2,4,2,8,1,pna,False,12,24,1,0.00599996403,816,287,178373,930.35,5999.964030000001,821.6833333333332,0.0017212722222222222,0.0017333884444444446
179470,11,128,256,1,768,128,19,4,1,8,2,2,4,1,pna,True,12,24,1,0.00091633941,295,92,179470,424.5,914.9571825000003,295.0,0.001713390888888889,0.0017303197777777779
180172,11,128,256,1,768,128,19,1,1,4,2,2,4,1,pna,False,12,24,1,0.00089700876,229,44,180172,348.91,883.106565,229.05,0.0017151202222222223,0.0017193706666666668
181955,11,128,256,2,768,64,19,3,1,4,2,2,8,1,pna,False,12,24,1,0.00249733683,578,242,181955,645.65,2361.990095549999,529.52,0.0017248344444444445,0.001714332111111111
183654,11,128,256,3,768,256,19,4,1,4,2,2,2,1,pna,True,12,24,1,0.00342086571,771,172,183654,806.56,3033.5662859999998,775.7,0.0017314864444444445,0.0017081402222222223
184667,11,128,256,3,768,256,19,4,1,8,4,4,8,1,pna,False,12,24,1,0.00097504731,1651,666,184667,1098.09,975.0473100000002,1651.0,0.0017406904444444446,0.0017140765555555555
185488,11,128,256,4,768,256,19,2,1,8,8,8,4,1,pna,True,12,24,1,0.0008471819699999,2242,774,185488,1245.89,850.0759619999066,2242.0,0.0017147794444444444,0.001733084111111111
18595,11,64,256,2,768,64,19,2,1,4,8,2,4,1,gcn,False,12,24,1,0.00014468184,256,153,18595,489.48,163.1762660340903,260.3196464646465,0.0017165306666666667,0.00173379
18698,11,64,256,2,768,64,19,3,1,8,4,4,8,1,gcn,False,12,24,1,0.00014927391,394,297,18698,580.15,170.3414270340903,408.01,0.0017143736666666667,0.001722810111111111
187250,11,256,64,1,192,128,19,4,1,8,2,4,8,1,pna,True,12,24,1,0.00025399575,382,264,187250,479.47,258.148926,378.7,0.0017237994444444444,0.0017170754444444446
187363,11,256,64,1,192,256,19,2,1,2,4,2,4,1,pna,True,12,24,1,0.00018949365,276,74,187363,353.72,182.85385199999465,271.0166666666667,0.001733501,0.0017162367777777778
187720,11,256,64,1,192,64,19,2,1,4,4,8,4,1,pna,False,12,24,1,0.00014601717,186,98,187720,371.17,150.94706849997968,186.45,0.001733843888888889,0.0017268793333333333
187967,11,256,64,1,192,128,19,1,1,4,8,2,8,1,pna,False,12,24,1,9.93339e-05,234,122,187967,434.85,99.40316399999998,235.6,0.0017254134444444444,0.0017281862222222222
187986,11,256,64,1,192,128,19,1,1,8,4,4,2,1,pna,False,12,24,1,0.00015820164,166,56,187986,315.71,157.17816449998966,170.9,0.0017183117777777777,0.0017324862222222223
188324,11,256,64,1,192,256,19,1,1,8,8,8,8,1,pna,False,12,24,1,0.00010071918,264,170,188324,369.83,100.649916,257.6666666666667,0.0017228306666666668,0.0017156533333333333
189219,11,256,64,2,192,256,19,1,1,2,2,4,2,1,pna,True,12,24,1,0.0031499069399999,368,71,189219,517.05,3440.467865999913,385.0066666666667,0.0017109054444444445,0.001722129
189604,11,256,64,2,192,64,19,1,1,8,4,2,4,1,pna,False,12,24,1,0.00056073204,750,238,189604,660.19,571.80503,740.7666666666667,0.0017362096666666668,0.0017109474444444446
19079,11,64,256,2,768,128,19,4,1,4,4,8,8,1,gcn,False,12,24,1,0.00017454861,518,373,19079,545.87,174.65303703408944,513.8166666666666,0.0017311014444444444,0.001710053888888889
192358,11,256,64,3,192,256,19,3,1,8,4,2,4,1,pna,False,12,24,1,0.00121535676,1750,478,192358,988.27,1269.2881080000002,1759.3833333333337,0.001718680111111111,0.001734008888888889
192519,11,256,64,4,192,64,19,1,1,8,4,2,2,1,pna,True,12,24,1,0.00175255902,2362,648,192519,1257.74,1754.5886550000002,2367.3,0.0017107715555555556,0.001735872111111111
193111,11,256,64,4,192,256,19,1,1,2,2,8,4,1,pna,True,12,24,1,0.0205716078,726,155,193111,988.5,20571.607799999998,733.4333333333333,0.0017081464444444446,0.001725120888888889
194059,11,256,64,4,192,128,19,4,1,8,4,2,4,1,pna,False,12,24,1,0.00177285537,2446,702,194059,1319.5,1770.825735,2442.45,0.0017214856666666668,0.0017156944444444446
194679,11,256,128,1,384,64,19,4,1,4,4,2,2,1,pna,True,12,24,1,0.00028686285,201,64,194679,441.8,284.84137350000003,197.71666666666664,0.0017326743333333332,0.0017187713333333332
195066,11,256,128,1,384,256,19,1,1,2,8,2,2,1,pna,True,12,24,1,0.00024643332,251,104,195066,314.52,248.45479650000007,256.0166666666667,0.0017384605555555556,0.0017230157777777778
195270,11,256,128,1,384,256,19,3,1,8,2,8,2,1,pna,True,12,24,1,0.00060564042,349,58,195270,373.77,596.199093,352.3,0.001712248888888889,0.0017377427777777777
196907,11,256,128,2,384,128,19,3,1,8,8,4,8,1,pna,True,12,24,1,0.00057781494,1273,474,196907,790.37,579.9460475000001,1273.0,0.0017177856666666669,0.0017285152222222223
196911,11,256,128,2,384,128,19,4,1,2,2,2,2,1,pna,True,12,24,1,0.00536735727,405,79,196911,591.08,5202.955114499994,401.6416666666667,0.001718353,0.0017244696666666667
198197,11,256,128,2,384,256,19,3,1,8,4,8,8,1,pna,False,12,24,1,0.00086872374,1021,426,198197,825.42,814.2516,989.65,0.00171748,0.0017199984444444445
19830,11,64,256,3,768,128,19,1,1,8,4,4,2,1,gcn,True,12,24,1,0.0002094669899999,341,270,19830,653.58,217.57624960708796,404.39285714285717,0.0017273802222222223,0.0017141196666666668
198520,11,256,128,3,384,64,19,3,1,8,4,8,4,1,pna,True,12,24,1,0.00144169686,1615,502,198520,966.77,1406.770155,1625.6333333333334,0.0017310452222222222,0.0017195647777777778
198707,11,256,128,3,384,128,19,2,1,2,4,4,8,1,pna,True,12,24,1,0.01185515631,679,210,198707,744.84,11855.156310000002,681.9033333333333,0.0017169322222222222,0.001729398111111111
200399,11,256,128,4,384,64,19,3,1,2,2,4,8,1,pna,True,12,24,1,0.02271637422,859,287,200399,814.46,22716.374219999998,850.9833333333332,0.0017242252222222222,0.0017321097777777779
201752,11,256,128,4,384,128,19,3,1,8,2,8,8,1,pna,False,12,24,1,0.00259122618,2437,814,201752,1427.5,2591.2261800000006,2435.25,0.0017170005555555555,0.0017196932222222222
201799,11,256,128,4,384,128,19,4,1,4,2,2,4,1,pna,False,12,24,1,0.0071658569699999,1425,281,201799,1069.21,7165.856969999901,1426.5333333333333,0.0017227454444444445,0.001717750888888889
201979,11,256,128,4,384,256,19,2,1,4,8,2,4,1,pna,False,12,24,1,0.00556565211,1685,332,201979,923.61,5565.652110000001,1685.0,0.001729671,0.0017118004444444444
20259,11,64,256,3,768,256,19,3,1,2,4,2,2,1,gcn,True,12,24,1,0.00056699577,301,184,20259,591.33,549.9624314999999,351.21280830280836,0.001733559888888889,0.001713009
203432,11,256,256,1,768,64,19,4,1,4,4,4,8,1,pna,False,12,24,1,0.00047159793,501,278,203432,509.27,471.59793,501.0,0.0017149124444444444,0.0017349504444444444
203760,11,256,256,1,768,128,19,4,1,4,8,2,2,1,pna,False,12,24,1,0.00040664295,343,116,203760,428.95,406.64295,343.0,0.0017195324444444445,0.0017330483333333332
20400,11,64,256,3,768,256,19,4,1,8,4,8,2,1,gcn,True,12,24,1,0.00040653639,537,290,20400,737.85,376.38873876922577,495.2500000000001,0.001717530888888889,0.0017199453333333332
205106,11,256,256,2,768,64,19,1,1,2,4,4,8,1,pna,False,12,24,1,0.0052908705,479,117,205106,473.04,5164.7117294999925,475.575,0.0017118594444444444,0.001717119
205141,11,256,256,2,768,64,19,1,1,4,8,4,4,1,pna,False,12,24,1,0.00161600238,815,195,205141,534.59,1616.0023800000001,807.7,0.0017317344444444445,0.001714163888888889
205151,11,256,256,2,768,64,19,1,1,8,2,4,8,1,pna,False,12,24,1,0.00252499914,707,238,205151,525.18,2524.99914,729.6666666666667,0.001731376111111111,0.0017200143333333333
20645,11,64,256,3,768,64,19,3,1,8,4,8,8,1,gcn,False,12,24,1,0.00016784532,495,460,20645,725.68,190.55376945908841,489.675,0.0017227507777777778,0.0017276837777777778
206468,11,256,256,3,768,128,19,1,1,8,8,8,8,1,pna,True,12,24,1,0.00145847673,2009,586,206468,1053.44,1439.472087,2009.0,0.001717144,0.0017319192222222223
20665,11,64,256,3,768,64,19,4,1,2,4,2,4,1,gcn,False,12,24,1,0.0002927736,303,230,20665,646.81,338.8224051,318.1710317460318,0.001722470888888889,0.0017198517777777778
206984,11,256,256,3,768,256,19,4,1,4,2,2,8,1,pna,True,12,24,1,0.00715234383,1281,372,206984,948.53,7152.34383,1293.1333333333334,0.001721700888888889,0.0017195202222222222
207983,11,256,256,3,768,256,19,4,1,8,2,2,8,1,pna,False,12,24,1,0.00318404277,1799,622,207983,1067.21,3184.04277,1778.9833333333336,0.0017268073333333333,0.0017192662222222223
208642,11,256,256,4,768,128,19,4,1,8,4,4,4,1,pna,True,12,24,1,0.00264069999,2607,710,208642,1265.96,2640.6999900000005,2607.0,0.0017347423333333332,0.001719063888888889
209098,11,256,256,4,768,64,19,2,1,4,4,2,4,1,pna,False,12,24,1,0.00716437845,1501,269,209098,957.01,7164.378450000002,1487.3333333333335,0.001716070111111111,0.0017278782222222221
210667,11,64,64,1,192,256,19,1,1,8,4,4,4,1,sage,True,12,24,1,7.2261e-05,168,38,210667,231.97,78.15989423896106,170.945,0.001727470111111111,0.0017320875555555555
210903,11,64,64,1,192,256,19,4,1,8,2,8,2,1,sage,True,12,24,1,0.00028092879,284,44,210903,269.0,282.8257466999927,307.15,0.001712823111111111,0.0017167737777777777
211376,11,64,64,1,192,128,19,2,1,4,8,2,8,1,sage,False,12,24,1,5.831496e-05,228,114,211376,319.16,75.16669901623266,231.8857142857143,0.0017152226666666667,0.001720700111111111
21225,11,64,256,3,768,256,19,3,1,2,2,4,2,1,gcn,False,12,24,1,0.00059341599,333,184,21225,594.47,555.2464754999999,351.21280830280836,0.0017330786666666668,0.001715527
212302,11,64,64,2,192,128,19,2,1,2,2,2,4,1,sage,True,12,24,1,0.00014419233,185,50,212302,375.24,144.799033799998,203.9572222222222,0.001733054888888889,0.001719567111111111
212812,11,64,64,2,192,256,19,4,1,2,8,8,4,1,sage,True,12,24,1,0.00015750567,437,130,212812,580.29,171.620618699988,376.33833333333337,0.0017173082222222222,0.0017253557777777778
21302,11,64,256,3,768,256,19,3,1,8,8,8,8,1,gcn,False,12,24,1,0.00016432884,729,492,21302,681.37,172.84159145454544,712.1,0.0017216152222222223,0.0017339664444444446
21319,11,64,256,3,768,256,19,4,1,2,4,8,4,1,gcn,False,12,24,1,0.00035318979,657,254,21319,686.43,356.0764671,543.7320634920636,0.0017223731111111111,0.0017160861111111111
214908,11,64,64,3,192,64,19,2,1,2,4,8,2,1,sage,False,12,24,1,0.00016565085,190,60,214908,550.51,185.8592047499825,233.025873015873,0.0017153517777777777,0.001725215888888889
21602,11,64,256,4,768,64,19,3,1,8,2,2,8,1,gcn,True,12,24,1,0.00025777863,574,527,21602,932.57,228.1556947090909,602.7421428571428,0.0017317725555555555,0.0017141556666666667
217268,11,64,64,4,192,128,19,3,1,2,8,8,8,1,sage,False,12,24,1,0.0002091906,449,262,217268,868.83,207.00059774998917,477.6484848484849,0.0017290077777777778,0.0017137527777777778
217274,11,64,64,4,192,128,19,3,1,4,2,4,8,1,sage,False,12,24,1,0.00014759892,453,266,217274,916.32,156.89902724999584,475.3359848484849,0.0017167053333333332,0.0017308747777777778
217433,11,64,64,4,192,256,19,1,1,4,2,2,8,1,sage,False,12,24,1,0.0001515483,339,122,217433,786.77,146.23568142856664,362.7029761904762,0.0017143384444444445,0.0017307147777777777
217651,11,64,64,4,192,256,19,4,1,2,2,4,4,1,sage,False,12,24,1,0.00031682619,477,106,217651,879.01,319.969932,460.3198717948718,0.0017161904444444444,0.001727193
218882,11,64,128,1,384,64,19,3,1,2,8,2,8,1,sage,False,12,24,1,7.333658999999999e-05,300,178,218882,342.07,93.19027226428472,304.53333333333336,0.0017221572222222222,0.001713768111111111
219271,11,64,128,1,384,128,19,4,1,2,2,4,4,1,sage,False,12,24,1,0.0001358440199999,232,82,219271,275.23,145.77799935712017,219.2414285714286,0.0017276134444444446,0.001722335111111111
219898,11,64,128,2,384,64,19,3,1,8,4,2,4,1,sage,True,12,24,1,0.00010697625,281,134,219898,466.92,120.73425599999648,300.92904761904765,0.001735472888888889,0.0017173454444444445
22022,11,64,256,4,768,128,19,4,1,8,4,8,8,1,gcn,True,12,24,1,0.00020054925,740,655,22022,1029.04,202.25027000454298,676.8571428571428,0.0017222735555555554,0.0017382994444444446
220500,11,64,128,2,384,256,19,3,1,2,8,2,2,1,sage,True,12,24,1,0.00032718582,283,60,220500,452.58,300.15821518235066,296.5489010989011,0.0017152523333333332,0.001736363888888889
22073,11,64,256,4,768,256,19,1,1,4,4,4,8,1,gcn,True,12,24,1,0.00022765545,514,315,22073,846.17,226.09948025454545,490.5841666666667,0.001719247,0.0017186365555555555
22176,11,64,256,4,768,256,19,2,1,8,4,2,2,1,gcn,True,12,24,1,0.0004232097,454,401,22176,831.47,411.2697117692307,453.8416666666667,0.001715430111111111,0.001725127
221793,11,64,128,3,384,64,19,3,1,2,4,8,2,1,sage,True,12,24,1,0.00020939706,218,64,221793,698.58,203.64096074997917,233.025873015873,0.0017353667777777779,0.0017113495555555556
221899,11,64,128,3,384,64,19,4,1,4,4,4,4,1,sage,True,12,24,1,0.00013668651,322,150,221899,752.65,140.26437299998375,308.577380952381,0.0017289752222222222,0.001708944
223146,11,64,128,3,384,128,19,3,1,8,8,2,2,1,sage,False,12,24,1,0.00017316,510,296,223146,690.33,168.017607857133,493.2110714285715,0.001724222,0.0017387317777777778
223415,11,64,128,3,384,256,19,3,1,2,4,8,8,1,sage,False,12,24,1,0.0002187210599999,462,238,223415,657.62,205.17459224995417,445.45,0.0017185596666666667,0.0017275277777777777
223627,11,64,128,4,384,64,19,1,1,8,4,4,4,1,sage,True,12,24,1,0.00012730257,569,366,223627,943.43,140.10644774999085,584.5539285714286,0.0017205036666666667,0.0017257754444444445
226084,11,64,256,1,768,128,19,4,1,2,4,4,4,1,sage,True,12,24,1,0.00016440876,310,86,226084,398.12,187.24362058234632,295.69166666666666,0.0017207922222222222,0.001719053
227631,11,64,256,2,768,64,19,3,1,2,8,4,2,1,sage,True,12,24,1,0.00018482832,245,64,227631,437.44,184.8625635,274.87259518259515,0.0017231372222222222,0.0017166225555555554
228296,11,64,256,2,768,256,19,3,1,4,4,2,8,1,sage,True,12,24,1,0.0002188809,459,202,228296,520.53,221.1671307914424,464.2166666666666,0.0017418046666666668,0.0017222517777777777
228625,11,64,256,2,768,64,19,3,1,4,4,8,4,1,sage,False,12,24,1,0.00016662321,283,118,228625,462.93,179.0017580340903,290.27607503607504,0.001717330111111111,0.0017412436666666667
231899,11,64,256,4,768,128,19,3,1,8,8,4,8,1,sage,True,12,24,1,0.00015906411,899,578,231899,1039.5,173.81819720454297,889.1,0.0017285993333333333,0.0017342357777777777
232098,11,64,256,4,768,256,19,2,1,4,2,8,2,1,sage,True,12,24,1,0.00039056904,483,120,232098,791.61,396.056158499995,444.09706349206346,0.0017198954444444445,0.0017200655555555556
233302,11,128,64,1,192,64,19,1,1,2,8,4,4,1,sage,True,12,24,1,5.129865e-05,126,46,233302,194.59,71.54192006428572,126.30999999999999,0.0017274622222222223,0.0017174196666666667
233492,11,128,64,1,192,64,19,3,1,4,8,4,8,1,sage,True,12,24,1,5.250411e-05,294,194,233492,331.82,65.25398197337663,303.93333333333334,0.001733774888888889,0.0017205606666666669
234023,11,128,64,1,192,256,19,2,1,2,4,4,8,1,sage,True,12,24,1,7.256403e-05,246,122,234023,288.07,90.07038272272727,245.83904761904765,0.001731454888888889,0.001717639888888889
234865,11,128,64,1,192,128,19,4,1,4,8,2,4,1,sage,False,12,24,1,8.064594e-05,212,86,234865,312.66,86.97818390908981,204.75809523809522,0.0017154953333333332,0.0017341315555555554
234951,11,128,64,1,192,256,19,1,1,4,8,8,2,1,sage,False,12,24,1,7.504155e-05,182,44,234951,219.6,90.57945025000001,178.97833333333332,0.001719513888888889,0.001733136111111111
235166,11,128,64,1,192,256,19,4,1,2,8,4,8,1,sage,False,12,24,1,8.409582e-05,406,258,235166,461.5,87.9861036,407.95,0.0017109598888888889,0.0017203875555555554
235189,11,128,64,1,192,256,19,4,1,4,8,2,4,1,sage,False,12,24,1,0.00013541778,392,86,235189,402.23,109.24358140909094,401.3,0.001718966,0.0017216943333333333
236224,11,128,64,2,192,64,19,1,1,4,2,2,4,1,sage,False,12,24,1,0.0001363035599999,160,46,236224,293.42,157.20475296425533,180.56055555555554,0.0017390845555555555,0.0017112148888888889
236774,11,128,64,2,192,128,19,4,1,2,4,2,8,1,sage,False,12,24,1,0.00016569081,404,246,236774,561.25,189.93810589285036,399.4733333333333,0.0017317256666666667,0.001714732111111111
23715,11,128,64,1,192,128,19,1,1,8,4,2,2,1,gcn,True,12,24,1,8.058267e-05,128,32,23715,233.09,89.31678068181708,131.88,0.0017187475555555554,0.001737667888888889
237491,11,128,64,3,192,64,19,4,1,8,8,8,8,1,sage,True,12,24,1,0.0001189809,724,546,237491,745.4,128.9008034999925,724.0,0.0017265287777777777,0.0017287184444444445
23958,11,128,64,1,192,128,19,4,1,8,4,2,2,1,gcn,True,12,24,1,0.00013316004,188,44,23958,330.83,110.55477155194694,191.49166666666665,0.0017099646666666668,0.0017218692222222222
240099,11,128,64,4,192,64,19,1,1,2,4,8,2,1,sage,False,12,24,1,0.00054647964,270,64,240099,453.65,570.83467725,309.08354978354976,0.0017213647777777777,0.001723708888888889
240337,11,128,64,4,192,64,19,4,1,2,4,2,4,1,sage,False,12,24,1,0.00055410867,336,106,240337,706.28,572.36048325,345.4297619047619,0.0017292557777777778,0.0017234184444444446
240472,11,128,64,4,192,128,19,1,1,8,4,2,4,1,sage,False,12,24,1,0.00015673644,564,358,240472,659.06,194.61974099999998,584.0039285714286,0.0017375923333333332,0.0017197392222222223
241557,11,128,128,1,384,128,19,3,1,2,4,8,2,1,sage,True,12,24,1,0.00012884769,206,44,241557,346.26,138.6882351537675,195.675,0.0017220583333333332,0.0017329686666666668
244785,11,128,128,2,384,256,19,3,1,2,2,4,2,1,sage,False,12,24,1,0.00047993292,312,40,244785,362.49,419.7122721408976,309.98723443223446,0.0017257572222222222,0.0017350662222222223
244911,11,128,128,2,384,256,19,4,1,4,8,4,2,1,sage,False,12,24,1,0.00035424207,396,104,244911,375.03,334.0655825543673,357.49666666666667,0.0017324845555555554,0.0017228135555555555
24526,11,128,64,1,192,64,19,3,1,8,4,2,4,1,gcn,False,12,24,1,6.450543e-05,152,70,24526,276.21,74.16503621753246,143.86666666666667,0.001717266,0.0017151482222222223
246528,11,128,128,3,384,128,19,4,1,4,8,2,2,1,sage,False,12,24,1,0.00027439866,356,132,246528,471.17,292.2078007977972,391.015873015873,0.00172909,0.0017215973333333332
246641,11,128,128,3,384,256,19,1,1,8,8,4,8,1,sage,False,12,24,1,0.00013875111,580,322,246641,564.79,156.94002557486567,594.9,0.0017288386666666667,0.001720589
247267,11,128,128,4,384,128,19,1,1,8,2,2,4,1,sage,True,12,24,1,0.00023577066,570,326,247267,599.02,245.91811349999747,584.5539285714286,0.0017203574444444444,0.0017310094444444445
247538,11,128,128,4,384,256,19,1,1,2,2,2,8,1,sage,True,12,24,1,0.0007175817,420,62,247538,430.41,762.2059810499921,386.9504761904762,0.0017285222222222223,0.0017266555555555555
248514,11,128,128,4,384,256,19,1,1,2,2,8,2,1,sage,False,12,24,1,0.0007293366,412,56,248514,538.39,763.3093765499922,435.74373015873016,0.0017223605555555556,0.001719133111111111
249354,11,128,256,1,768,128,19,3,1,4,4,2,2,1,sage,True,12,24,1,0.00024436539,184,32,249354,255.16,215.7390791394925,223.7666666666667,0.0017211344444444446,0.001728409
249839,11,128,256,1,768,64,19,1,1,4,2,8,8,1,sage,False,12,24,1,0.00017782866,192,86,249839,213.22,205.64154612499829,186.45,0.0017344746666666667,0.0017211084444444444
249874,11,128,256,1,768,64,19,1,1,8,4,8,4,1,sage,False,12,24,1,0.00012738582,182,54,249874,223.96,155.8846861249977,191.4,0.001733750888888889,0.0017267515555555554
250090,11,128,256,1,768,64,19,4,1,4,4,8,4,1,sage,False,12,24,1,0.00013456863,242,102,250090,308.29,155.8846861249977,220.55,0.0017175753333333332,0.001736889
250643,11,128,256,1,768,256,19,3,1,4,2,2,8,1,sage,False,12,24,1,0.00023813829,400,166,250643,367.21,264.77564819999805,428.7166666666666,0.0017237453333333332,0.0017423215555555556
251179,11,128,256,2,768,128,19,1,1,8,8,8,4,1,sage,True,12,24,1,0.00014493825,422,190,251179,410.77,200.06291478654822,406.51583333333326,0.0017188322222222222,0.0017250422222222222
251256,11,128,256,2,768,128,19,2,1,8,8,4,2,1,sage,True,12,24,1,0.00019601379,372,168,251256,360.67,216.59974636890257,394.48249999999996,0.0017257616666666667,0.001716906888888889
252272,11,128,256,2,768,128,19,3,1,4,4,2,8,1,sage,False,12,24,1,0.00024279696,492,202,252272,443.79,252.30340575711256,469.0166666666666,0.0017361433333333333,0.001724444111111111
252616,11,128,256,2,768,256,19,3,1,8,2,4,4,1,sage,False,12,24,1,0.0003423906,496,110,252616,389.81,337.66111526013543,450.32833333333326,0.0017321463333333333,0.0017229754444444444
25300,11,128,64,2,192,64,19,1,1,4,2,2,4,1,gcn,True,12,24,1,0.00013890762,148,50,25300,399.88,156.71171197497284,180.56055555555554,0.0017147673333333332,0.0017305132222222223
254766,11,128,256,4,768,64,19,2,1,2,8,4,2,1,sage,True,12,24,1,0.00064351917,396,76,254766,490.72,621.5854034999975,372.8247402597403,0.0017284873333333333,0.0017312703333333332
255036,11,128,256,4,768,128,19,1,1,4,8,4,2,1,sage,True,12,24,1,0.00033167466,404,156,255036,499.25,298.2377749865533,411.5883333333333,0.0017202624444444445,0.0017194416666666667
255467,11,128,256,4,768,256,19,2,1,8,8,2,8,1,sage,True,12,24,1,0.00024375267,826,498,255467,800.6,258.5316711248617,844.0,0.001715183888888889,0.0017251737777777777
255800,11,128,256,4,768,64,19,3,1,2,2,2,8,1,sage,False,12,24,1,0.0009126264599999,538,190,255800,695.92,878.5265440499713,495.7996753246754,0.0017290812222222223,0.0017173873333333333
256176,11,128,256,4,768,128,19,3,1,8,2,2,2,1,sage,False,12,24,1,0.00043500456,616,328,256176,781.01,415.95008226923073,613.0908333333334,0.0017295594444444444,0.0017239586666666668
256527,11,128,256,4,768,256,19,4,1,2,2,2,2,1,sage,False,12,24,1,0.00126399807,482,56,256527,534.55,1019.8681109999834,473.6465384615385,0.0017093432222222223,0.0017300854444444445
258293,11,256,64,1,192,256,19,1,1,8,4,2,8,1,sage,False,12,24,1,6.889104e-05,174,42,258293,196.6,71.59581387987014,179.04666666666668,0.0017165453333333333,0.001731157111111111
258776,11,256,64,2,192,64,19,3,1,8,2,8,8,1,sage,True,12,24,1,0.00015157494,390,258,258776,395.77,163.1973392999983,369.1333333333333,0.0017254906666666668,0.0017171873333333332
259252,11,256,64,2,192,256,19,1,1,4,8,8,4,1,sage,True,12,24,1,0.00016384266,270,118,259252,383.07,181.201075875,281.11055555555555,0.0017162595555555555,0.0017224965555555556
259303,11,256,64,2,192,256,19,2,1,2,8,4,4,1,sage,True,12,24,1,0.00024451191,314,82,259303,364.97,236.28814200000002,300.8665079365079,0.0017352825555555554,0.0017164475555555554
259735,11,256,64,2,192,64,19,3,1,4,8,4,4,1,sage,False,12,24,1,0.00015754896,256,134,259735,451.46,163.1973392999983,258.9553174603175,0.0017275066666666667,0.0017150594444444445
260616,11,256,64,3,192,64,19,2,1,4,4,4,2,1,sage,True,12,24,1,0.0003780948599999,346,96,260616,570.04,378.25858499995303,330.3114862914863,0.0017136602222222223,0.0017281695555555554
260956,11,256,64,3,192,128,19,2,1,8,2,2,4,1,sage,True,12,24,1,0.00024267708,400,214,260956,555.68,264.3432809999946,444.32857142857137,0.001716894,0.0017232556666666667
261326,11,256,64,3,192,256,19,3,1,2,8,2,8,1,sage,True,12,24,1,0.00095842395,504,206,261326,609.99,957.107823,472.95476190476194,0.0017121003333333332,0.0017197327777777778
26139,11,128,64,2,192,256,19,3,1,8,2,4,2,1,gcn,True,12,24,1,0.00026627346,298,68,26139,443.8,248.99341567499332,302.44333333333327,0.0017208876666666667,0.001717784
261434,11,256,64,3,192,256,19,4,1,4,8,2,8,1,sage,True,12,24,1,0.00039876084,662,330,261434,681.47,392.6284784999663,658.8880952380953,0.0017286695555555555,0.0017176023333333333
263417,11,256,64,4,192,64,19,1,1,2,2,4,8,1,sage,False,12,24,1,0.00177954534,416,78,263417,449.26,1817.86171305,415.30595238095236,0.001729692888888889,0.0017218802222222222
264050,11,256,64,4,192,128,19,4,1,8,4,8,8,1,sage,False,12,24,1,0.00029216421,836,610,264050,821.5,292.16420999999997,835.9,0.0017098053333333332,0.0017319545555555555
264601,11,256,128,1,384,64,19,3,1,8,2,2,4,1,sage,True,12,24,1,0.00011863791,170,58,264601,272.63,130.9623541714209,164.81666666666666,0.0017135274444444444,0.0017414466666666668
264765,11,256,128,1,384,128,19,1,1,8,2,4,2,1,sage,True,12,24,1,0.00013002651,164,24,264765,305.57,136.76120824284948,191.05,0.0017153426666666667,0.0017089793333333332
266307,11,256,128,1,384,256,19,4,1,8,2,8,2,1,sage,False,12,24,1,0.00032709924,352,44,266307,263.23,316.1282552999834,327.9,0.001714103,0.0017104076666666667
266652,11,256,128,2,384,128,19,1,1,2,2,2,2,1,sage,True,12,24,1,0.00057104838,238,28,266652,290.97,527.0349874499959,229.8379487179487,0.001722746,0.0017096212222222223
268055,11,256,128,2,384,256,19,2,1,2,8,8,8,1,sage,False,12,24,1,0.00027865107,422,182,268055,382.23,285.13716074999746,424.34,0.001736011888888889,0.0017199835555555556
270809,11,256,128,4,384,128,19,4,1,2,8,8,8,1,sage,True,12,24,1,0.00171385443,718,326,270809,708.7,1778.41365615,703.2166666666667,0.0017174606666666668,0.0017327264444444445
272107,11,256,128,4,384,256,19,4,1,4,2,2,4,1,sage,False,12,24,1,0.00083617299,804,158,272107,698.47,810.94349475,708.46,0.001715402,0.0017278652222222223
273083,11,256,256,1,768,256,19,4,1,4,2,4,8,1,sage,True,12,24,1,0.00022646664,604,246,273083,419.29,222.884114999999,604.0,0.0017081233333333334,0.001719912111111111
273273,11,256,256,1,768,64,19,2,1,8,2,8,2,1,sage,False,12,24,1,0.00019337643,186,36,273273,294.41,199.48556659999792,186.00833333333333,0.001720242888888889,0.0017174934444444444
273339,11,256,256,1,768,64,19,3,1,4,8,2,2,1,sage,False,12,24,1,0.00015293691,164,40,273339,244.13,145.7048159999958,160.48333333333332,0.0017255513333333332,0.0017150224444444444
273568,11,256,256,1,768,128,19,2,1,4,2,4,4,1,sage,False,12,24,1,0.0002052279,268,50,273568,218.11,222.40121689999586,263.69642857142856,0.001722577111111111,0.0017179772222222223
274228,11,256,256,2,768,64,19,2,1,4,4,8,4,1,sage,True,12,24,1,0.0003380749199999,364,102,274228,402.09,384.39464877689386,307.03131313131314,0.001713258,0.001730471888888889
275027,11,256,256,2,768,256,19,4,1,4,2,4,8,1,sage,True,12,24,1,0.00057542067,766,266,275027,438.98,513.498981449991,757.3,0.001713469111111111,0.0017216965555555555
275307,11,256,256,2,768,64,19,3,1,8,4,8,2,1,sage,False,12,24,1,0.00025957017,364,116,275307,454.33,302.2437234697675,365.42909090909086,0.001718924888888889,0.001717933
275678,11,256,256,2,768,128,19,4,1,4,2,8,8,1,sage,False,12,24,1,0.00054153126,642,298,275678,586.54,479.6018740269134,643.1,0.001702107111111111,0.0017142192222222223
276600,11,256,256,3,768,128,19,3,1,8,4,4,2,1,sage,True,12,24,1,0.0003937092299999,560,236,276600,587.79,401.847500249945,533.4582936507936,0.0017346536666666668,0.0017141937777777777
277005,11,256,256,3,768,256,19,4,1,8,4,4,2,1,sage,True,12,24,1,0.0005949444599999,648,240,277005,613.42,564.4298384999099,599.2458333333334,0.0017345886666666668,0.0017062153333333332
277596,11,256,256,3,768,128,19,4,1,2,4,2,2,1,sage,False,12,24,1,0.00140223636,476,56,277596,437.99,1371.6921014999996,450.74761904761897,0.001716548888888889,0.0017326233333333334
277771,11,256,256,3,768,256,19,2,1,2,8,4,4,1,sage,False,12,24,1,0.00115419132,594,90,277771,441.6,1154.9487284999998,535.99,0.0017087297777777777,0.0017388216666666667
279216,11,256,256,4,768,64,19,4,1,2,4,2,2,1,sage,False,12,24,1,0.00204060735,534,64,279216,549.06,1997.7490012499998,470.0150793650793,0.0017081206666666668,0.0017177365555555554
30435,11,128,64,4,192,64,19,4,1,8,2,8,2,1,gcn,False,12,24,1,0.00022464513,372,216,30435,689.38,218.6065634999975,374.12833333333333,0.0017160534444444445,0.001718715111111111
32003,11,128,128,1,384,256,19,4,1,2,2,8,8,1,gcn,True,12,24,1,0.00013972014,453,288,32003,418.31,146.685324239487,450.55,0.0017289056666666667,0.001712625111111111
32026,11,128,128,1,384,256,19,4,1,4,2,4,4,1,gcn,True,12,24,1,0.0001910421,441,92,32026,352.29,177.3000954894845,427.55,0.0017247117777777778,0.0017135783333333333
32063,11,128,128,1,384,256,19,4,1,8,4,4,8,1,gcn,True,12,24,1,0.00011755566,461,258,32063,481.33,136.90918793948282,453.75,0.0019213927777777778,0.0017320716666666667
32606,11,128,128,1,384,128,19,3,1,4,4,8,8,1,gcn,False,12,24,1,8.788203e-05,319,226,32606,341.61,115.67272629999373,321.3833333333333,0.0017179594444444446,0.0017212083333333333
32652,11,128,128,1,384,128,19,4,1,2,4,2,2,1,gcn,False,12,24,1,0.00017599716,191,44,32652,294.53,140.77365157141912,195.675,0.0017052126666666668,0.001713313111111111
33021,11,128,128,1,384,256,19,4,1,8,2,2,2,1,gcn,False,12,24,1,0.0003861334799999,255,42,33021,309.0,344.67069381425017,269.15,0.001719877888888889,0.0017172674444444445
33479,11,128,128,2,384,128,19,2,1,2,8,8,8,1,gcn,True,12,24,1,0.00016808841,291,180,33479,517.19,195.47549396091694,308.235,0.001715904111111111,0.001709739
33494,11,128,128,2,384,128,19,2,1,4,4,4,8,1,gcn,True,12,24,1,0.0001525306499999,295,150,33494,432.65,193.18404424031866,308.235,0.0017445274444444444,0.0017203647777777778
34516,11,128,128,2,384,128,19,3,1,2,4,2,4,1,gcn,False,12,24,1,0.000243756,251,80,34516,446.24,218.95316078376095,252.6769963369963,0.0017127615555555555,0.0017224863333333332
34788,11,128,128,2,384,256,19,2,1,4,4,4,2,1,gcn,False,12,24,1,0.00026041599,259,60,34788,446.8,278.7107490288299,278.76197843092575,0.0017082016666666667,0.001739413
34791,11,128,128,2,384,256,19,2,1,4,4,8,2,1,gcn,False,12,24,1,0.00024166143,319,68,34791,448.1,278.7107490288299,287.1619784309258,0.0017142767777777778,0.001715591
36220,11,128,128,3,384,64,19,4,1,2,4,4,4,1,gcn,False,12,24,1,0.0004191138,279,112,36220,541.64,464.7596322856837,292.11180375180373,0.0017111666666666668,0.0017137836666666667
36702,11,128,128,3,384,256,19,2,1,2,4,2,2,1,gcn,False,12,24,1,0.00056444832,265,54,36702,420.49,531.3407900356979,335.8129670329671,0.001733706111111111,0.001715033111111111
36,11,64,64,1,192,64,19,1,1,4,4,2,2,1,gcn,True,12,24,1,6.630363000000001e-05,108,32,36,259.98,77.00591207467532,117.67,0.0017263884444444445,0.0017083594444444446
37152,11,128,128,4,384,64,19,3,1,8,2,2,2,1,gcn,True,12,24,1,0.0002864133,391,200,37152,721.16,259.9815402692307,398.8428571428571,0.001720313111111111,0.0017307545555555555
37733,11,128,128,4,384,256,19,2,1,8,4,4,8,1,gcn,True,12,24,1,0.00023623353,583,306,37733,694.95,240.15619832486567,608.5821428571428,0.0017072733333333332,0.0017205645555555555
38662,11,128,128,4,384,256,19,2,1,2,8,8,4,1,gcn,False,12,24,1,0.00059666607,435,112,38662,535.34,593.63196825,405.6925396825397,0.001710139,0.0017237504444444446
38795,11,128,128,4,384,256,19,3,1,8,8,4,8,1,gcn,False,12,24,1,0.00024290685,689,402,38795,688.6,243.89916729545286,683.78,0.001717151888888889,0.0017159853333333333
4116,11,64,64,3,192,64,19,3,1,8,4,4,2,1,gcn,True,12,24,1,0.0001090208699999,286,278,4116,732.1,115.29241757138489,331.0783333333333,0.001723474111111111,0.0017150647777777778
41457,11,128,256,2,768,128,19,4,1,8,4,4,2,1,gcn,True,12,24,1,0.00027400239,303,88,41457,417.56,251.15608693564553,315.1733333333333,0.0017341893333333333,0.001713210111111111
42073,11,128,256,2,768,64,19,4,1,4,2,8,4,1,gcn,False,12,24,1,0.0003420576,299,122,42073,403.88,300.5840493120616,285.1056364395838,0.0017133183333333333,0.0017312584444444444
42176,11,128,256,2,768,128,19,1,1,8,2,2,8,1,gcn,False,12,24,1,0.00027796176,315,74,42176,330.8,266.61978800711285,305.24333333333334,0.0017210287777777778,0.001734686888888889
42322,11,128,256,2,768,128,19,3,1,4,4,4,4,1,gcn,False,12,24,1,0.00025292682,345,98,42322,411.49,271.2493181692037,307.98011695906433,0.0017140247777777777,0.0017171554444444445
42648,11,128,256,2,768,256,19,3,1,4,4,8,2,1,gcn,False,12,24,1,0.00039857103,391,72,42648,429.55,330.442188543649,319.4513471177945,0.0017140864444444444,0.001719517
43187,11,128,256,3,768,128,19,2,1,2,4,4,8,1,gcn,True,12,24,1,0.00053415198,425,148,43187,449.08,520.9133390356792,405.87666666666667,0.0017292036666666667,0.0017126282222222223
43760,11,128,256,3,768,64,19,1,1,2,8,2,8,1,gcn,False,12,24,1,0.0004343019299999,285,76,43760,465.78,464.7596322856837,303.2595238095238,0.001733915888888889,0.0017146367777777778
43863,11,128,256,3,768,64,19,2,1,4,4,8,2,1,gcn,False,12,24,1,0.00030039597,287,88,43863,554.21,307.64684010083977,313.5426767676768,0.001726717,0.001736298111111111
44377,11,128,256,3,768,128,19,4,1,8,4,8,4,1,gcn,False,12,24,1,0.00025573734,477,218,44377,629.35,254.42781542635893,451.1861904761905,0.001713233111111111,0.0017406494444444445
44391,11,128,256,3,768,256,19,1,1,2,2,4,2,1,gcn,False,12,24,1,0.00080480439,283,50,44391,485.27,750.5174867999926,351.21280830280836,0.0017212767777777778,0.0017280757777777777
45572,11,128,256,4,768,256,19,3,1,4,8,4,8,1,gcn,True,12,24,1,0.00033442524,685,270,45572,780.06,311.35318464545287,626.4901515151515,0.0017200917777777777,0.0017126764444444446
4664,11,64,64,3,192,256,19,2,1,4,8,2,8,1,gcn,True,12,24,1,0.00012141846,356,296,4664,667.0,131.90590649998651,385.09761904761905,0.0017275424444444445,0.0017201474444444446
47093,11,256,64,1,192,128,19,2,1,4,2,4,8,1,gcn,True,12,24,1,7.5258e-05,206,128,47093,305.65,74.62785552272729,223.10714285714283,0.0017282212222222222,0.0017190626666666667
47823,11,256,64,1,192,64,19,3,1,4,2,8,2,1,gcn,False,12,24,1,8.345313000000001e-05,114,50,47823,275.68,82.22348509415585,119.82000000000001,0.0017129965555555556,0.001729722888888889
47989,11,256,64,1,192,128,19,1,1,4,4,2,4,1,gcn,False,12,24,1,6.728264999999999e-05,130,38,47989,249.93,74.03389187987014,132.44333333333333,0.0017299256666666667,0.0017252436666666668
48041,11,256,64,1,192,128,19,2,1,2,2,8,8,1,gcn,False,12,24,1,7.419240000000001e-05,238,160,48041,336.26,75.11690302272727,233.10714285714283,0.0017225227777777777,0.001712179
48901,11,256,64,2,192,64,19,4,1,8,2,4,4,1,gcn,True,12,24,1,0.00017518464,226,118,48901,408.65,167.3068922999983,234.04365079365078,0.0017173934444444446,0.0017287083333333332
49129,11,256,64,2,192,128,19,3,1,4,4,8,4,1,gcn,True,12,24,1,0.00020614365,222,114,49129,456.48,193.5011939999975,241.70412128806865,0.0017368876666666666,0.001712992
49718,11,256,64,2,192,64,19,2,1,8,4,2,8,1,gcn,False,12,24,1,0.0001663335,266,154,49718,389.48,167.3068922999983,274.31666666666666,0.0017348562222222223,0.001718638888888889
5088,11,64,64,3,192,64,19,3,1,8,4,4,2,1,gcn,False,12,24,1,0.00010901421,284,278,5088,687.52,115.29108557140486,330.87833333333333,0.0017247426666666668,0.0017391912222222224
51267,11,256,64,3,192,256,19,1,1,8,8,4,2,1,gcn,True,12,24,1,0.00029023281,380,176,51267,485.26,323.04718499999467,387.10333333333335,0.0017168635555555554,0.0017363957777777777
51420,11,256,64,3,192,256,19,3,1,8,4,4,2,1,gcn,True,12,24,1,0.00041607351,424,152,51420,600.48,393.809962499993,387.10333333333335,0.0017184243333333332,0.001716359
51780,11,256,64,3,192,64,19,4,1,2,8,4,2,1,gcn,False,12,24,1,0.00098818749,248,74,51780,458.86,1055.3464304999998,293.9551370851371,0.0017035073333333333,0.0017136684444444446
52114,11,256,64,3,192,128,19,4,1,4,2,4,4,1,gcn,False,12,24,1,0.00045045576,340,126,52114,577.47,436.56982649999327,363.5414285714286,0.001741397111111111,0.0017218587777777777
52523,11,256,64,4,192,64,19,1,1,4,2,8,8,1,gcn,True,12,24,1,0.00063643626,414,150,52523,620.82,694.90736925,418.8434523809524,0.0017235266666666667,0.0017100783333333332
52747,11,256,64,4,192,64,19,4,1,2,4,8,4,1,gcn,True,12,24,1,0.00171269559,378,136,52747,590.09,1759.5391606499998,366.86093073593076,0.0017115414444444446,0.0017373537777777778
52796,11,256,64,4,192,64,19,4,1,8,4,2,8,1,gcn,True,12,24,1,0.00035701596,618,418,52796,739.37,384.78816,622.6171428571428,0.001721318111111111,0.001721126888888889
52911,11,256,64,4,192,128,19,2,1,2,8,2,2,1,gcn,True,12,24,1,0.00173308518,344,70,52911,571.3,1794.15870645,351.6826984126984,0.0017163853333333333,0.0017143015555555554
53215,11,256,64,4,192,256,19,1,1,8,8,8,4,1,gcn,True,12,24,1,0.00036284679,482,270,53215,620.21,340.59589650000004,475.6933333333333,0.001718741,0.001715690888888889
54856,11,256,128,1,384,128,19,2,1,2,8,2,4,1,gcn,True,12,24,1,9.466524e-05,195,58,54856,397.83,86.70368175000002,215.61999999999998,0.0017235255555555556,0.0017167663333333332
54917,11,256,128,1,384,128,19,2,1,8,8,8,8,1,gcn,True,12,24,1,7.275383999999999e-05,253,166,54917,395.25,80.70330242142856,247.20214285714286,0.0017425597777777778,0.0017248304444444445
56964,11,256,128,2,384,128,19,4,1,2,8,4,2,1,gcn,True,12,24,1,0.00034321311,297,66,56964,455.3,331.91944274999753,272.7860382599857,0.001707967,0.0017169286666666667
57177,11,256,128,2,384,256,19,2,1,8,8,2,2,1,gcn,True,12,24,1,0.0003294702,289,108,57177,340.89,308.59615512498897,292.99555555555554,0.0017203857777777778,0.0017410506666666668
599,11,64,64,1,192,128,19,4,1,4,2,4,8,1,gcn,True,12,24,1,8.217774000000001e-05,354,256,599,413.19,86.5488729090898,353.35,0.001720236,0.0017114674444444445
60238,11,256,128,3,384,256,19,4,1,8,2,2,4,1,gcn,False,12,24,1,0.00042274683,553,178,60238,634.37,406.6485872142828,508.11,0.0017141022222222223,0.0017178442222222222
60299,11,256,128,4,384,64,19,1,1,4,2,8,8,1,gcn,True,12,24,1,0.00074320938,433,150,60299,680.42,694.90736925,438.00059523809523,0.0017369062222222223,0.0017090414444444445
60350,11,256,128,4,384,64,19,2,1,2,2,4,8,1,gcn,True,12,24,1,0.00198116685,419,152,60350,657.84,1836.7362085499997,450.4039610389611,0.0017294245555555556,0.0017177105555555554
60476,11,256,128,4,384,64,19,3,1,4,8,4,8,1,gcn,True,12,24,1,0.00062736867,555,270,60476,669.38,694.90736925,544.0306277056277,0.001727212,0.0017380964444444445
60701,11,256,128,4,384,128,19,2,1,4,2,4,8,1,gcn,True,12,24,1,0.00075210381,513,182,60701,632.06,694.90736925,471.5564610389612,0.0017224783333333333,0.0017283116666666667
60821,11,256,128,4,384,128,19,3,1,8,4,8,8,1,gcn,True,12,24,1,0.00037279017,601,402,60821,866.22,390.96839421428285,604.0571428571428,0.0017124932222222222,0.0017169952222222222
60841,11,256,128,4,384,128,19,4,1,2,4,2,4,1,gcn,True,12,24,1,0.00184333815,439,112,60841,630.8,1813.0332019500001,418.9605555555556,0.001712788111111111,0.0017150095555555555
61412,11,256,128,4,384,64,19,3,1,2,4,4,8,1,gcn,False,12,24,1,0.00180623196,489,220,61412,593.76,1813.0332019500001,515.1818181818182,0.0017325966666666668,0.0017179007777777778
61453,11,256,128,4,384,64,19,3,1,8,2,2,4,1,gcn,False,12,24,1,0.00042431526,447,230,61453,648.59,398.4072812142828,474.8945238095238,0.0017289254444444444,0.001715115
62339,11,256,256,1,768,64,19,2,1,4,8,4,8,1,gcn,True,12,24,1,0.00010456866,261,134,62339,312.79,108.91289475,254.96642857142857,0.0017182552222222223,0.0017287667777777778
62343,11,256,256,1,768,64,19,2,1,8,2,2,2,1,gcn,True,12,24,1,0.00022321656,141,34,62343,368.95,210.2276470999979,147.43333333333334,0.001712839,0.001738316
62754,11,256,256,1,768,128,19,3,1,8,2,8,2,1,gcn,True,12,24,1,0.00023775534,281,50,62754,298.8,232.0257493999959,261.975,0.0017082477777777777,0.001711034
64956,11,256,256,2,768,256,19,2,1,8,8,4,2,1,gcn,True,12,24,1,0.0003507888599999,331,112,64956,387.36,366.1405511428205,317.84416666666664,0.0017178105555555555,0.0017080183333333333
65182,11,256,256,2,768,64,19,1,1,8,2,4,4,1,gcn,False,12,24,1,0.00037271358,279,70,65182,397.17,356.806291469765,287.28909090909093,0.0017213672222222223,0.0017149236666666667
6520,11,64,64,4,192,256,19,1,1,4,4,4,4,1,gcn,True,12,24,1,0.00014001651,303,295,6520,741.49,136.80081224999236,325.25947496947504,0.001736015111111111,0.001718722111111111
65244,11,256,256,2,768,64,19,2,1,4,4,4,2,1,gcn,False,12,24,1,0.00036208755,273,60,65244,364.21,384.39464877689386,289.8658745348219,0.001717612111111111,0.0017217303333333332
65436,11,256,256,2,768,64,19,4,1,8,4,8,2,1,gcn,False,12,24,1,0.00026809164,297,96,65436,406.86,302.2437234697675,302.43242424242425,0.0017220982222222222,0.0017346255555555556
67969,11,256,256,3,768,256,19,4,1,2,4,2,4,1,gcn,False,12,24,1,0.00141930594,555,104,67969,550.76,1381.9338495000002,542.2542857142857,0.0017107734444444444,0.0017111155555555556
68275,11,256,256,4,768,64,19,3,1,8,8,2,4,1,gcn,True,12,24,1,0.00040504455,529,278,68275,667.05,401.63538321428285,497.2778571428572,0.001716825,0.0017268002222222223
68416,11,256,256,4,768,128,19,1,1,4,8,8,4,1,gcn,True,12,24,1,0.00067635963,545,138,68416,598.57,694.90736925,493.95555555555546,0.001732803111111111,0.0017247535555555554
68430,11,256,256,4,768,128,19,1,1,8,4,4,2,1,gcn,True,12,24,1,0.00047408544,487,212,68430,623.83,453.991387499975,465.9095238095239,0.0017207227777777778,0.0017194563333333332
6922,11,64,64,4,192,64,19,2,1,4,4,2,4,1,gcn,False,12,24,1,0.0001295037,267,303,6922,753.22,135.08871257142155,280.61944444444447,0.0017100037777777778,0.0017352252222222224
69386,11,256,256,4,768,128,19,1,1,4,8,4,8,1,gcn,False,12,24,1,0.00067447152,545,142,69386,567.86,694.90736925,513.6038095238096,0.0017196444444444446,0.0017263767777777777
69950,11,256,256,4,768,256,19,4,1,4,8,2,8,1,gcn,False,12,24,1,0.00073408185,765,318,69950,790.75,699.81639975,741.1083333333333,0.001712726888888889,0.0017133726666666666
70693,11,64,64,1,192,256,19,1,1,8,2,8,4,1,gin,True,12,24,1,0.00014933385,164,48,70693,222.39,146.02219275,169.345,0.0017100537777777777,0.0017090985555555556
72591,11,64,64,2,192,256,19,1,1,2,4,8,2,1,gin,True,12,24,1,0.00022032279,209,43,72591,458.3,226.91413649999836,238.3210260499734,0.0017284847777777777,0.001715002111111111
73019,11,64,64,2,192,64,19,2,1,4,4,2,8,1,gin,False,12,24,1,0.00011810844,259,135,73019,450.17,125.44308134999774,280.01666666666665,0.0017331626666666666,0.001713220888888889
73267,11,64,64,2,192,128,19,1,1,4,4,8,4,1,gin,False,12,24,1,0.00012020301,195,83,73267,399.37,127.64567654999216,223.23769271664008,0.001714388111111111,0.001731372
7361,11,64,64,4,192,128,19,3,1,8,4,8,8,1,gcn,False,12,24,1,0.00012210777,579,591,7361,921.42,127.05747407141823,604.0571428571428,0.0017165663333333333,0.001732505
74708,11,64,64,3,192,256,19,3,1,2,8,8,8,1,gin,True,12,24,1,0.00027700605,410,242,74708,779.02,301.32473659999994,432.47142857142865,0.0017120147777777777,0.0017183447777777779
7492,11,64,64,4,192,256,19,1,1,4,4,4,4,1,gcn,False,12,24,1,0.00014000319,299,295,7492,698.79,136.7994802499924,320.4928083028083,0.001710509,0.001717871111111111
76731,11,64,64,4,192,256,19,4,1,2,8,8,2,1,gin,True,12,24,1,0.00052383564,419,81,76731,997.07,447.50778499999996,447.0333333333333,0.0017336873333333332,0.001717410888888889
76733,11,64,64,4,192,256,19,4,1,2,8,8,8,1,gin,True,12,24,1,0.00034391574,523,315,76733,1058.52,357.8235146,531.9666666666666,0.0017378662222222222,0.0017227365555555554
77050,11,64,64,4,192,64,19,4,1,2,8,2,4,1,gin,False,12,24,1,0.00032287014,301,111,77050,937.1,333.40229359999995,303.6194444444444,0.0017087475555555556,0.0017282865555555554
7722,11,64,64,4,192,256,19,4,1,4,2,2,2,1,gcn,False,12,24,1,0.00038127834,381,285,7722,798.08,371.7663059999999,400.3456654456654,0.001721315111111111,0.001725358888888889
77786,11,64,128,1,384,64,19,1,1,2,8,8,8,1,gin,True,12,24,1,0.00010187469,179,90,77786,293.83,110.12805245,183.03333333333336,0.0017150302222222222,0.0017217994444444446
77805,11,64,128,1,384,64,19,1,1,4,8,2,2,1,gin,True,12,24,1,0.00012291363,137,24,77805,302.8,121.62274994999709,146.925,0.00171449,0.0017134804444444444
78024,11,64,128,1,384,64,19,4,1,2,8,4,2,1,gin,True,12,24,1,0.00012903084,157,40,78024,378.53,123.5550398,152.54166666666669,0.0017276066666666668,0.001711943111111111
78337,11,64,128,1,384,128,19,4,1,2,4,2,4,1,gin,True,12,24,1,0.0001867797,237,74,78337,331.53,167.73513113948047,219.2414285714286,0.001742087111111111,0.0017141693333333334
78407,11,64,128,1,384,128,19,4,1,8,8,8,8,1,gin,True,12,24,1,0.00011534454,403,282,78407,390.13,140.77505788234902,393.83333333333337,0.001719302111111111,0.0017282707777777778
79179,11,64,128,1,384,128,19,2,1,4,4,8,2,1,gin,False,12,24,1,0.00017909406,187,36,79179,267.98,173.05068085713532,195.15,0.001709966,0.0017389196666666668
79342,11,64,128,1,384,128,19,4,1,4,4,8,4,1,gin,False,12,24,1,0.00017207442,235,98,79342,393.04,170.92182771426997,219.2414285714286,0.0017096575555555554,0.0017205404444444446
799,11,64,64,1,192,256,19,2,1,8,4,8,4,1,gcn,True,12,24,1,8.800524000000001e-05,234,78,799,314.75,92.28247397272727,230.07333333333335,0.0017130784444444444,0.0017161616666666667
8013,11,64,128,1,384,64,19,3,1,8,8,4,2,1,gcn,True,12,24,1,8.798193000000001e-05,149,48,8013,386.36,91.85491028571302,152.54166666666669,0.0017265801111111111,0.0017120894444444445
80432,11,64,128,2,384,256,19,1,1,8,8,8,8,1,gin,True,12,24,1,0.00013047273,414,219,80432,517.29,139.45380342856382,410.18999999999994,0.001734585,0.001724472888888889
80971,11,64,128,2,384,64,19,4,1,4,8,8,4,1,gin,False,12,24,1,0.0001335663,276,147,80971,571.21,133.1670218999955,274.3978514467989,0.001722873,0.001735734
81612,11,64,128,2,384,256,19,4,1,4,8,2,2,1,gin,False,12,24,1,0.00040580712,346,81,81612,577.54,373.3961010692275,346.6,0.0017179932222222223,0.0017362744444444445
81739,11,64,128,3,384,64,19,2,1,2,4,2,4,1,gin,True,12,24,1,0.0002738259,233,62,81739,649.43,301.9541066,256.3226984126984,0.0017170353333333332,0.001722874888888889
82673,11,64,128,3,384,64,19,1,1,4,8,8,8,1,gin,False,12,24,1,0.0001469229299999,321,168,82673,684.09,140.26437299998375,333.7966666666666,0.0017167954444444445,0.0017210684444444444
82946,11,64,128,3,384,128,19,1,1,2,2,2,8,1,gin,False,12,24,1,0.00032494473,251,54,82946,625.89,316.0243556,297.71190476190475,0.001728422888888889,0.0017148045555555554
83927,11,64,128,4,384,128,19,1,1,2,4,2,8,1,gin,True,12,24,1,0.00033087213,294,67,83927,887.3,337.8201490999999,335.50619047619045,0.001738799,0.001720361888888889
84247,11,64,128,4,384,256,19,1,1,2,2,8,4,1,gin,True,12,24,1,0.00039081213,350,75,84247,749.19,383.8854266000001,387.3575396825397,0.001715916888888889,0.0017327294444444445
84910,11,64,128,4,384,128,19,1,1,2,8,4,4,1,gin,False,12,24,1,0.00033241725,296,71,84910,817.03,343.8809711,315.4411111111111,0.0017062143333333333,0.001735998
8498,11,64,128,1,384,256,19,1,1,8,8,2,8,1,gcn,True,12,24,1,9.017973e-05,245,54,8498,248.25,105.21845399999918,244.08333333333331,0.0017178733333333333,0.0017152925555555555
85910,11,64,256,1,768,128,19,1,1,4,8,4,8,1,gin,True,12,24,1,0.00017388927,265,58,85910,253.85,173.50049249999915,260.6,0.0017149076666666666,0.0017132
86861,11,64,256,1,768,128,19,1,1,4,2,2,8,1,gin,False,12,24,1,0.0004678883099999,259,36,86861,213.48,386.9262466249363,259.4,0.0017311982222222222,0.0017092404444444445
87323,11,64,256,1,768,256,19,3,1,2,2,4,8,1,gin,False,12,24,1,0.00048855429,537,180,87323,373.36,469.7748548999981,531.5666666666666,0.0017344866666666667,0.0017169285555555555
87336,11,64,256,1,768,256,19,3,1,2,8,2,2,1,gin,False,12,24,1,0.00046430523,245,32,87336,349.78,452.800512899998,245.05,0.0017238254444444446,0.0017241235555555555
88827,11,64,256,2,768,128,19,1,1,4,8,8,2,1,gin,False,12,24,1,0.0001852812,328,81,88827,410.64,190.1702524821382,304.1762280701754,0.0017139985555555555,0.001743214888888889
89381,11,64,256,2,768,256,19,4,1,4,4,2,8,1,gin,False,12,24,1,0.00026488152,534,263,89381,565.85,253.63055999999915,525.9666666666666,0.0017188404444444445,0.001721965111111111
91655,11,64,256,4,768,64,19,4,1,4,4,8,8,1,gin,True,12,24,1,0.00024568407,602,377,91655,1052.5,238.93785629999667,587.9095238095238,0.0017066457777777779,0.001721063111111111
93474,11,128,64,1,192,64,19,3,1,2,2,2,2,1,gin,True,12,24,1,0.00015804513,120,26,93474,242.27,152.70682549999998,119.82000000000001,0.0017366402222222222,0.001720205
94155,11,128,64,1,192,256,19,3,1,4,2,8,2,1,gin,True,12,24,1,0.00028655649,246,38,94155,313.78,281.5982809499951,245.95,0.001726173888888889,0.0017188133333333332
94538,11,128,64,1,192,64,19,4,1,2,4,2,8,1,gin,False,12,24,1,9.86679e-05,338,230,94538,318.96,104.70563029999498,346.6,0.0017103062222222222,0.0017303085555555554
95536,11,128,64,2,192,64,19,4,1,4,4,2,4,1,gin,True,12,24,1,0.0001851147,246,107,95536,399.77,200.20609865356056,240.22031746031743,0.0017115957777777777,0.0017384735555555555
96400,11,128,64,2,192,64,19,3,1,2,4,2,4,1,gin,False,12,24,1,0.00034383915,206,69,96400,315.28,320.4287901428496,215.43055555555557,0.001704428888888889,0.001717466111111111
96978,11,128,64,2,192,256,19,2,1,2,8,4,2,1,gin,False,12,24,1,0.0004311484199999,272,47,96978,318.81,420.05382014995223,278.2769784309258,0.002034759111111111,0.0017299303333333333
9738,11,64,128,2,384,64,19,1,1,2,8,2,2,1,gcn,True,12,24,1,0.00013032621,172,113,9738,417.89,137.8952334,212.8629487179487,0.0017209166666666668,0.001713302111111111
97900,11,128,64,3,192,256,19,1,1,4,8,8,4,1,gin,True,12,24,1,0.00023083227,328,132,97900,455.33,242.7305681249987,380.9973015873016,0.0017430186666666668,0.0017231543333333333
98566,11,128,64,3,192,128,19,1,1,8,4,8,4,1,gin,False,12,24,1,0.00016446537,446,280,98566,515.74,162.29369662499872,444.32857142857137,0.0017219213333333333,0.0017228536666666669
98839,11,128,64,3,192,256,19,1,1,2,8,2,4,1,gin,False,12,24,1,0.00047719233,280,54,98839,383.46,514.9479770356992,328.3951892551893,0.0017227574444444445,0.0017385084444444445
99295,11,128,64,4,192,64,19,2,1,8,4,8,4,1,gin,True,12,24,1,0.00019621692,640,425,99295,676.4,207.49483912499878,626.6589285714285,0.0017199336666666668,0.0017177354444444445
99813,11,128,64,4,192,256,19,1,1,2,8,4,2,1,gin,True,12,24,1,0.00059976963,332,61,99813,474.88,593.94232425,331.0035225885226,0.001713966888888889,0.0017231224444444445
99855,11,128,64,4,192,256,19,1,1,8,4,2,2,1,gin,True,12,24,1,0.00024676299,630,379,99855,688.36,220.43489999999997,621.542261904762,0.00174119,0.001717810888888889
