idx,gnn_in_dim,gnn_hidden_dim,gnn_out_dim,gnn_num_layers,mlp_in_dim,mlp_hidden_dim,mlp_out_dim,mlp_num_layers,gnn_p_in,gnn_p_hidden,gnn_p_out,mlp_p_in,mlp_p_hidden,mlp_p_out,conv,gnn_skip_connections,median_nodes,median_edges,median_degree,runtime_synth,bram,dsp
100174,11,128,64,4,192,64,19,1,1,8,2,4,4,1,gin,False,12,24,1,0.00019956357,582,377
100634,11,128,64,4,192,128,19,3,1,4,2,4,8,1,gin,False,12,24,1,0.00027906398999999997,484,273
100825,11,128,64,4,192,256,19,1,1,8,2,8,4,1,gin,False,12,24,1,0.00021064581,636,393
102021,11,128,128,1,384,256,19,4,1,4,4,8,2,1,gin,True,12,24,1,0.00036801828000000003,359,44
103793,11,128,128,2,384,256,19,2,1,4,2,4,8,1,gin,True,12,24,1,0.00024546096,377,143
103830,11,128,128,2,384,256,19,2,1,8,4,8,2,1,gin,True,12,24,1,0.00023798178,419,137
104079,11,128,128,2,384,64,19,1,1,8,8,4,2,1,gin,False,12,24,1,0.00014629023,311,157
104519,11,128,128,2,384,128,19,3,1,4,2,2,8,1,gin,False,12,24,1,0.00024028947,385,191
105742,11,128,128,3,384,256,19,2,1,4,4,2,4,1,gin,True,12,24,1,0.0003009987,383,108
105901,11,128,128,3,384,256,19,4,1,4,2,8,4,1,gin,True,12,24,1,0.00034413552,575,156
106536,11,128,128,3,384,128,19,4,1,2,8,4,2,1,gin,False,12,24,1,0.0005373154799999999,339,64
106647,11,128,128,3,384,256,19,1,1,4,8,8,2,1,gin,False,12,24,1,0.00026266707,395,114
107205,11,128,128,4,384,64,19,4,1,4,4,8,2,1,gin,True,12,24,1,0.000300699,357,143
107864,11,128,128,4,384,256,19,4,1,4,8,8,8,1,gin,True,12,24,1,0.0003061935,691,393
108649,11,128,128,4,384,256,19,2,1,4,2,2,4,1,gin,False,12,24,1,0.0003784878,439,133
108970,11,128,256,1,768,64,19,2,1,2,8,8,4,1,gin,True,12,24,1,0.00017027289,215,70
110402,11,128,256,1,768,128,19,3,1,8,8,8,8,1,gin,False,12,24,1,0.00017590392000000002,417,218
111948,11,128,256,2,768,64,19,3,1,2,2,8,2,1,gin,False,12,24,1,0.00050087862,247,47
112827,11,128,256,3,768,64,19,1,1,8,8,4,2,1,gin,True,12,24,1,0.00021251727000000002,525,286
113190,11,128,256,3,768,128,19,2,1,4,2,8,2,1,gin,True,12,24,1,0.00040060233,405,94
11343,11,64,128,2,384,256,19,1,1,2,2,4,2,1,gcn,False,12,24,1,0.00024434541,204,105
113903,11,128,256,3,768,64,19,3,1,2,4,8,8,1,gin,False,12,24,1,0.00049321296,439,234
114526,11,128,256,3,768,256,19,2,1,8,8,2,4,1,gin,False,12,24,1,0.00029921382,601,304
11453,11,64,128,2,384,256,19,2,1,4,2,4,8,1,gcn,False,12,24,1,0.00016315001999999998,348,205
114700,11,128,256,4,768,64,19,1,1,2,2,4,4,1,gin,True,12,24,1,0.00071902359,335,59
115415,11,128,256,4,768,256,19,1,1,8,4,8,8,1,gin,True,12,24,1,0.0002682315,873,445
115584,11,128,256,4,768,256,19,3,1,8,8,8,2,1,gin,True,12,24,1,0.0004054275,859,431
115778,11,128,256,4,768,64,19,2,1,4,2,2,8,1,gin,False,12,24,1,0.00041130162,461,193
115898,11,128,256,4,768,64,19,3,1,8,4,4,8,1,gin,False,12,24,1,0.00026064908999999997,815,541
116236,11,128,256,4,768,128,19,4,1,2,2,2,4,1,gin,False,12,24,1,0.00077137452,397,99
116967,11,256,64,1,192,128,19,1,1,2,2,4,2,1,gin,True,12,24,1,0.00015176475,126,22
118012,11,256,64,1,192,128,19,1,1,8,8,4,4,1,gin,False,12,24,1,9.981009e-05,138,38
11944,11,64,128,3,384,64,19,4,1,4,4,2,4,1,gcn,True,12,24,1,0.00014380272,283,252
123470,11,256,64,4,192,64,19,1,1,2,8,8,8,1,gin,False,12,24,1,0.00107613945,394,123
1236,11,64,64,1,192,64,19,4,1,2,8,4,2,1,gcn,False,12,24,1,7.170156e-05,132,52
125103,11,256,128,1,384,256,19,1,1,4,4,4,2,1,gin,True,12,24,1,0.00019992987,179,24
125522,11,256,128,1,384,64,19,2,1,4,8,8,8,1,gin,False,12,24,1,0.00010341648,251,154
125675,11,256,128,1,384,64,19,4,1,4,4,8,8,1,gin,False,12,24,1,0.00015005645999999998,391,278
125897,11,256,128,1,384,128,19,3,1,2,8,4,8,1,gin,False,12,24,1,0.00011422899,333,186
126933,11,256,128,2,384,128,19,4,1,2,2,8,2,1,gin,True,12,24,1,0.00069338592,295,51
127420,11,256,128,2,384,64,19,2,1,2,2,8,4,1,gin,False,12,24,1,0.00062905032,223,73
127879,11,256,128,2,384,128,19,3,1,8,2,8,4,1,gin,False,12,24,1,0.00024207435,345,167
131337,11,256,128,4,384,64,19,2,1,4,4,2,2,1,gin,False,12,24,1,0.00051349266,357,123
131432,11,256,128,4,384,64,19,3,1,4,8,4,8,1,gin,False,12,24,1,0.00049133151,529,297
131560,11,256,128,4,384,128,19,1,1,2,4,8,4,1,gin,False,12,24,1,0.00109304253,379,79
134469,11,256,256,2,768,128,19,1,1,2,4,2,2,1,gin,True,12,24,1,0.00072904689,223,31
134473,11,256,256,2,768,128,19,1,1,2,4,4,4,1,gin,True,12,24,1,0.0006648111900000001,323,45
134680,11,256,256,2,768,128,19,3,1,8,2,4,4,1,gin,True,12,24,1,0.00033221745,423,151
135746,11,256,256,2,768,128,19,4,1,8,4,8,8,1,gin,False,12,24,1,0.00025580727000000004,629,379
135909,11,256,256,2,768,256,19,2,1,8,8,2,2,1,gin,False,12,24,1,0.00046909044,379,157
136141,11,256,256,3,768,64,19,1,1,8,2,8,4,1,gin,True,12,24,1,0.00036871091999999997,493,264
136272,11,256,256,3,768,64,19,3,1,4,2,4,2,1,gin,True,12,24,1,0.00053280333,337,90
136344,11,256,256,3,768,64,19,4,1,2,8,4,2,1,gin,True,12,24,1,0.0009105019200000001,347,64
136384,11,256,256,3,768,64,19,4,1,8,2,8,4,1,gin,True,12,24,1,0.00037589373,553,312
136572,11,256,256,3,768,128,19,3,1,2,2,8,2,1,gin,True,12,24,1,0.000969696,437,56
136795,11,256,256,3,768,256,19,1,1,8,4,4,4,1,gin,True,12,24,1,0.00035466165000000004,575,264
13996,11,64,128,4,384,128,19,1,1,8,4,2,4,1,gcn,True,12,24,1,0.00015794523000000002,432,403
141359,11,64,64,1,192,128,19,2,1,2,4,4,8,1,pna,False,12,24,1,0.00014925392999999999,250,150
142101,11,64,64,2,192,64,19,3,1,4,2,2,2,1,pna,True,12,24,1,0.00046561725,289,104
142277,11,64,64,2,192,128,19,1,1,4,4,4,8,1,pna,True,12,24,1,0.00030702267,321,150
144029,11,64,64,3,192,64,19,3,1,2,4,2,8,1,pna,True,12,24,1,0.00111212676,504,256
144289,11,64,64,3,192,128,19,2,1,4,2,2,4,1,pna,True,12,24,1,0.0006235191900000001,468,182
144511,11,64,64,3,192,256,19,1,1,2,2,8,4,1,pna,True,12,24,1,0.00139378482,356,124
14480,11,64,128,4,384,256,19,3,1,8,2,8,8,1,gcn,True,12,24,1,0.00019303677,632,575
145966,11,64,64,4,192,64,19,3,1,2,2,4,4,1,pna,True,12,24,1,0.00195759045,427,168
146791,11,64,64,4,192,64,19,1,1,2,8,2,4,1,pna,False,12,24,1,0.00161246925,489,200
147263,11,64,64,4,192,128,19,3,1,2,2,4,8,1,pna,False,12,24,1,0.00196081389,557,284
147764,11,64,128,1,384,64,19,1,1,2,8,2,8,1,pna,True,12,24,1,0.00015554430000000002,251,122
150815,11,64,128,2,384,64,19,2,1,8,8,2,8,1,pna,False,12,24,1,0.00024873102,616,394
150930,11,64,128,2,384,64,19,4,1,4,2,2,2,1,pna,False,12,24,1,0.00077277312,326,108
151797,11,64,128,3,384,64,19,3,1,2,2,4,2,1,pna,True,12,24,1,0.0019576737,345,106
151949,11,64,128,3,384,64,19,4,1,8,8,2,8,1,pna,True,12,24,1,0.00038915379000000003,1007,730
152216,11,64,128,3,384,128,19,4,1,2,4,8,8,1,pna,True,12,24,1,0.00140335191,633,368
152586,11,64,128,3,384,256,19,4,1,8,4,2,2,1,pna,True,12,24,1,0.00069368895,855,452
152615,11,64,128,3,384,64,19,1,1,2,4,2,8,1,pna,False,12,24,1,0.00139355172,377,128
153829,11,64,128,4,384,64,19,4,1,2,4,2,4,1,pna,True,12,24,1,0.00197650152,516,192
154341,11,64,128,4,384,256,19,2,1,4,4,2,2,1,pna,True,12,24,1,0.00093232008,722,248
156880,11,64,256,1,768,128,19,1,1,8,4,2,4,1,pna,False,12,24,1,0.00050572044,277,58
157521,11,64,256,2,768,64,19,1,1,8,2,4,2,1,pna,True,12,24,1,0.00085798449,534,208
157842,11,64,256,2,768,128,19,1,1,8,2,2,2,1,pna,True,12,24,1,0.00092319921,504,204
158044,11,64,256,2,768,128,19,4,1,2,4,4,4,1,pna,True,12,24,1,0.0014252666400000002,508,144
158284,11,64,256,2,768,256,19,3,1,2,4,2,4,1,pna,True,12,24,1,0.0015113171699999998,520,120
158553,11,64,256,2,768,64,19,2,1,4,4,2,2,1,pna,False,12,24,1,0.00080038548,438,120
158686,11,64,256,2,768,64,19,4,1,2,2,8,4,1,pna,False,12,24,1,0.0024874533900000003,376,144
159023,11,64,256,2,768,128,19,4,1,2,8,2,8,1,pna,False,12,24,1,0.00086874372,742,348
161417,11,64,256,4,768,64,19,1,1,8,4,2,8,1,pna,True,12,24,1,0.00073104489,1198,666
162606,11,64,256,4,768,64,19,4,1,4,4,4,2,1,pna,False,12,24,1,0.0011133522,774,260
162685,11,64,256,4,768,128,19,1,1,4,4,2,4,1,pna,False,12,24,1,0.00111844377,760,250
163287,11,64,256,4,768,256,19,4,1,8,8,2,2,1,pna,False,12,24,1,0.00093076164,1290,740
163608,11,128,64,1,192,64,19,4,1,8,4,8,2,1,pna,True,12,24,1,0.00016282701,164,76
165000,11,128,64,1,192,256,19,2,1,2,2,4,2,1,pna,False,12,24,1,0.00033705927,230,46
16538,11,64,256,1,768,64,19,1,1,2,4,4,8,1,gcn,False,12,24,1,0.00012636351000000002,181,66
165767,11,128,64,2,192,128,19,3,1,4,4,4,8,1,pna,True,12,24,1,0.00054840105,587,278
165778,11,128,64,2,192,128,19,3,1,4,8,8,4,1,pna,True,12,24,1,0.00041910381,531,242
166223,11,128,64,2,192,64,19,1,1,2,4,2,8,1,pna,False,12,24,1,0.00102137427,333,100
166859,11,128,64,2,192,128,19,4,1,8,8,8,8,1,pna,False,12,24,1,0.00024507468,849,570
167800,11,128,64,3,192,128,19,4,1,4,8,4,4,1,pna,True,12,24,1,0.00099983583,802,306
168728,11,128,64,3,192,128,19,4,1,2,2,4,8,1,pna,False,12,24,1,0.0037809785700000003,664,322
169062,11,128,64,3,192,256,19,4,1,2,4,8,2,1,pna,False,12,24,1,0.00343854135,640,135
170039,11,128,64,4,192,256,19,4,1,2,8,2,8,1,pna,True,12,24,1,0.0053101278899999995,1011,406
170500,11,128,64,4,192,128,19,1,1,8,8,4,4,1,pna,False,12,24,1,0.00056355921,1537,742
170888,11,128,64,4,192,256,19,2,1,8,2,4,8,1,pna,False,12,24,1,0.000789876,1579,718
172239,11,128,128,1,384,64,19,3,1,4,2,8,2,1,pna,False,12,24,1,0.00046242378000000003,173,58
17287,11,64,256,1,768,256,19,2,1,4,2,8,4,1,gcn,False,12,24,1,0.00022419225,445,76
173118,11,128,128,2,384,64,19,2,1,2,8,4,2,1,pna,True,12,24,1,0.00104560668,468,146
173326,11,128,128,2,384,64,19,4,1,8,4,4,4,1,pna,True,12,24,1,0.00046913040000000003,724,294
174344,11,128,128,2,384,128,19,1,1,4,2,4,8,1,pna,False,12,24,1,0.00137584611,410,130
174457,11,128,128,2,384,128,19,2,1,8,4,2,4,1,pna,False,12,24,1,0.00048608010000000004,718,254
174658,11,128,128,2,384,256,19,1,1,2,8,4,4,1,pna,False,12,24,1,0.00105655239,568,152
174802,11,128,128,2,384,256,19,3,1,2,2,4,4,1,pna,False,12,24,1,0.00271792269,552,113
175322,11,128,128,3,384,128,19,1,1,4,4,2,8,1,pna,True,12,24,1,0.00140444082,725,198
175679,11,128,128,3,384,256,19,1,1,8,4,8,8,1,pna,True,12,24,1,0.0006287905799999999,1243,506
175778,11,128,128,3,384,256,19,3,1,2,2,8,8,1,pna,True,12,24,1,0.00488361816,703,290
176117,11,128,128,3,384,64,19,3,1,2,8,4,8,1,pna,False,12,24,1,0.0032393907,759,329
17625,11,64,256,2,768,64,19,2,1,4,8,4,2,1,gcn,True,12,24,1,0.0001493505,240,139
176727,11,128,128,3,384,256,19,2,1,8,4,4,2,1,pna,False,12,24,1,0.00073629297,1219,448
176953,11,128,128,4,384,64,19,1,1,4,8,4,4,1,pna,True,12,24,1,0.00169619877,1118,322
177343,11,128,128,4,384,128,19,2,1,4,2,8,4,1,pna,True,12,24,1,0.00252848232,918,270
1778,11,64,64,1,192,256,19,2,1,8,8,4,8,1,gcn,False,12,24,1,6.707952000000001e-05,250,134
178373,11,128,128,4,384,128,19,3,1,2,4,2,8,1,pna,False,12,24,1,0.00599996403,816,287
179470,11,128,256,1,768,128,19,4,1,8,2,2,4,1,pna,True,12,24,1,0.00091633941,295,92
180172,11,128,256,1,768,128,19,1,1,4,2,2,4,1,pna,False,12,24,1,0.00089700876,229,44
181955,11,128,256,2,768,64,19,3,1,4,2,2,8,1,pna,False,12,24,1,0.00249733683,578,242
183654,11,128,256,3,768,256,19,4,1,4,2,2,2,1,pna,True,12,24,1,0.00342086571,771,172
184667,11,128,256,3,768,256,19,4,1,8,4,4,8,1,pna,False,12,24,1,0.0009750473100000001,1651,666
185488,11,128,256,4,768,256,19,2,1,8,8,8,4,1,pna,True,12,24,1,0.0008471819699999999,2242,774
18595,11,64,256,2,768,64,19,2,1,4,8,2,4,1,gcn,False,12,24,1,0.00014468184,256,153
18698,11,64,256,2,768,64,19,3,1,8,4,4,8,1,gcn,False,12,24,1,0.00014927391,394,297
187250,11,256,64,1,192,128,19,4,1,8,2,4,8,1,pna,True,12,24,1,0.00025399575,382,264
187363,11,256,64,1,192,256,19,2,1,2,4,2,4,1,pna,True,12,24,1,0.00018949365,276,74
187720,11,256,64,1,192,64,19,2,1,4,4,8,4,1,pna,False,12,24,1,0.00014601717000000002,186,98
187967,11,256,64,1,192,128,19,1,1,4,8,2,8,1,pna,False,12,24,1,9.933390000000001e-05,234,122
187986,11,256,64,1,192,128,19,1,1,8,4,4,2,1,pna,False,12,24,1,0.00015820164,166,56
188324,11,256,64,1,192,256,19,1,1,8,8,8,8,1,pna,False,12,24,1,0.00010071918000000001,264,170
189219,11,256,64,2,192,256,19,1,1,2,2,4,2,1,pna,True,12,24,1,0.0031499069399999998,368,71
189604,11,256,64,2,192,64,19,1,1,8,4,2,4,1,pna,False,12,24,1,0.00056073204,750,238
19079,11,64,256,2,768,128,19,4,1,4,4,8,8,1,gcn,False,12,24,1,0.00017454861,518,373
192358,11,256,64,3,192,256,19,3,1,8,4,2,4,1,pna,False,12,24,1,0.0012153567600000001,1750,478
192519,11,256,64,4,192,64,19,1,1,8,4,2,2,1,pna,True,12,24,1,0.00175255902,2362,648
193111,11,256,64,4,192,256,19,1,1,2,2,8,4,1,pna,True,12,24,1,0.020571607800000002,726,155
194059,11,256,64,4,192,128,19,4,1,8,4,2,4,1,pna,False,12,24,1,0.00177285537,2446,702
194679,11,256,128,1,384,64,19,4,1,4,4,2,2,1,pna,True,12,24,1,0.00028686285000000005,201,64
195066,11,256,128,1,384,256,19,1,1,2,8,2,2,1,pna,True,12,24,1,0.00024643332,251,104
195270,11,256,128,1,384,256,19,3,1,8,2,8,2,1,pna,True,12,24,1,0.00060564042,349,58
196907,11,256,128,2,384,128,19,3,1,8,8,4,8,1,pna,True,12,24,1,0.0005778149400000001,1273,474
196911,11,256,128,2,384,128,19,4,1,2,2,2,2,1,pna,True,12,24,1,0.00536735727,405,79
198197,11,256,128,2,384,256,19,3,1,8,4,8,8,1,pna,False,12,24,1,0.00086872374,1021,426
19830,11,64,256,3,768,128,19,1,1,8,4,4,2,1,gcn,True,12,24,1,0.00020946698999999998,341,270
198520,11,256,128,3,384,64,19,3,1,8,4,8,4,1,pna,True,12,24,1,0.0014416968600000002,1615,502
198707,11,256,128,3,384,128,19,2,1,2,4,4,8,1,pna,True,12,24,1,0.01185515631,679,210
200399,11,256,128,4,384,64,19,3,1,2,2,4,8,1,pna,True,12,24,1,0.02271637422,859,287
201752,11,256,128,4,384,128,19,3,1,8,2,8,8,1,pna,False,12,24,1,0.00259122618,2437,814
201799,11,256,128,4,384,128,19,4,1,4,2,2,4,1,pna,False,12,24,1,0.0071658569699999996,1425,281
201979,11,256,128,4,384,256,19,2,1,4,8,2,4,1,pna,False,12,24,1,0.00556565211,1685,332
20259,11,64,256,3,768,256,19,3,1,2,4,2,2,1,gcn,True,12,24,1,0.00056699577,301,184
203432,11,256,256,1,768,64,19,4,1,4,4,4,8,1,pna,False,12,24,1,0.00047159793,501,278
203760,11,256,256,1,768,128,19,4,1,4,8,2,2,1,pna,False,12,24,1,0.00040664295,343,116
20400,11,64,256,3,768,256,19,4,1,8,4,8,2,1,gcn,True,12,24,1,0.00040653639,537,290
205106,11,256,256,2,768,64,19,1,1,2,4,4,8,1,pna,False,12,24,1,0.0052908705,479,117
205141,11,256,256,2,768,64,19,1,1,4,8,4,4,1,pna,False,12,24,1,0.00161600238,815,195
205151,11,256,256,2,768,64,19,1,1,8,2,4,8,1,pna,False,12,24,1,0.0025249991400000003,707,238
20645,11,64,256,3,768,64,19,3,1,8,4,8,8,1,gcn,False,12,24,1,0.00016784532,495,460
206468,11,256,256,3,768,128,19,1,1,8,8,8,8,1,pna,True,12,24,1,0.00145847673,2009,586
20665,11,64,256,3,768,64,19,4,1,2,4,2,4,1,gcn,False,12,24,1,0.0002927736,303,230
206984,11,256,256,3,768,256,19,4,1,4,2,2,8,1,pna,True,12,24,1,0.00715234383,1281,372
207983,11,256,256,3,768,256,19,4,1,8,2,2,8,1,pna,False,12,24,1,0.00318404277,1799,622
208642,11,256,256,4,768,128,19,4,1,8,4,4,4,1,pna,True,12,24,1,0.00264069999,2607,710
209098,11,256,256,4,768,64,19,2,1,4,4,2,4,1,pna,False,12,24,1,0.00716437845,1501,269
210667,11,64,64,1,192,256,19,1,1,8,4,4,4,1,sage,True,12,24,1,7.2261e-05,168,38
210903,11,64,64,1,192,256,19,4,1,8,2,8,2,1,sage,True,12,24,1,0.00028092879,284,44
211376,11,64,64,1,192,128,19,2,1,4,8,2,8,1,sage,False,12,24,1,5.831496e-05,228,114
21225,11,64,256,3,768,256,19,3,1,2,2,4,2,1,gcn,False,12,24,1,0.00059341599,333,184
212302,11,64,64,2,192,128,19,2,1,2,2,2,4,1,sage,True,12,24,1,0.00014419233000000003,185,50
212812,11,64,64,2,192,256,19,4,1,2,8,8,4,1,sage,True,12,24,1,0.00015750567,437,130
21302,11,64,256,3,768,256,19,3,1,8,8,8,8,1,gcn,False,12,24,1,0.00016432884,729,492
21319,11,64,256,3,768,256,19,4,1,2,4,8,4,1,gcn,False,12,24,1,0.00035318979,657,254
214908,11,64,64,3,192,64,19,2,1,2,4,8,2,1,sage,False,12,24,1,0.00016565085,190,60
21602,11,64,256,4,768,64,19,3,1,8,2,2,8,1,gcn,True,12,24,1,0.00025777863,574,527
217268,11,64,64,4,192,128,19,3,1,2,8,8,8,1,sage,False,12,24,1,0.0002091906,449,262
217274,11,64,64,4,192,128,19,3,1,4,2,4,8,1,sage,False,12,24,1,0.00014759892000000002,453,266
217433,11,64,64,4,192,256,19,1,1,4,2,2,8,1,sage,False,12,24,1,0.00015154830000000001,339,122
217651,11,64,64,4,192,256,19,4,1,2,2,4,4,1,sage,False,12,24,1,0.00031682619,477,106
218882,11,64,128,1,384,64,19,3,1,2,8,2,8,1,sage,False,12,24,1,7.333658999999999e-05,300,178
219271,11,64,128,1,384,128,19,4,1,2,2,4,4,1,sage,False,12,24,1,0.00013584401999999998,232,82
219898,11,64,128,2,384,64,19,3,1,8,4,2,4,1,sage,True,12,24,1,0.00010697625,281,134
22022,11,64,256,4,768,128,19,4,1,8,4,8,8,1,gcn,True,12,24,1,0.00020054925,740,655
220500,11,64,128,2,384,256,19,3,1,2,8,2,2,1,sage,True,12,24,1,0.00032718582,283,60
22073,11,64,256,4,768,256,19,1,1,4,4,4,8,1,gcn,True,12,24,1,0.00022765545000000002,514,315
22176,11,64,256,4,768,256,19,2,1,8,4,2,2,1,gcn,True,12,24,1,0.0004232097,454,401
221793,11,64,128,3,384,64,19,3,1,2,4,8,2,1,sage,True,12,24,1,0.00020939706,218,64
221899,11,64,128,3,384,64,19,4,1,4,4,4,4,1,sage,True,12,24,1,0.00013668651,322,150
223146,11,64,128,3,384,128,19,3,1,8,8,2,2,1,sage,False,12,24,1,0.00017316,510,296
223415,11,64,128,3,384,256,19,3,1,2,4,8,8,1,sage,False,12,24,1,0.00021872105999999999,462,238
223627,11,64,128,4,384,64,19,1,1,8,4,4,4,1,sage,True,12,24,1,0.00012730257,569,366
226084,11,64,256,1,768,128,19,4,1,2,4,4,4,1,sage,True,12,24,1,0.00016440876,310,86
227631,11,64,256,2,768,64,19,3,1,2,8,4,2,1,sage,True,12,24,1,0.00018482832,245,64
228296,11,64,256,2,768,256,19,3,1,4,4,2,8,1,sage,True,12,24,1,0.0002188809,459,202
228625,11,64,256,2,768,64,19,3,1,4,4,8,4,1,sage,False,12,24,1,0.00016662321,283,118
231899,11,64,256,4,768,128,19,3,1,8,8,4,8,1,sage,True,12,24,1,0.00015906411000000001,899,578
232098,11,64,256,4,768,256,19,2,1,4,2,8,2,1,sage,True,12,24,1,0.00039056904000000006,483,120
233302,11,128,64,1,192,64,19,1,1,2,8,4,4,1,sage,True,12,24,1,5.129865e-05,126,46
233492,11,128,64,1,192,64,19,3,1,4,8,4,8,1,sage,True,12,24,1,5.250411e-05,294,194
234023,11,128,64,1,192,256,19,2,1,2,4,4,8,1,sage,True,12,24,1,7.256403e-05,246,122
234865,11,128,64,1,192,128,19,4,1,4,8,2,4,1,sage,False,12,24,1,8.064594e-05,212,86
234951,11,128,64,1,192,256,19,1,1,4,8,8,2,1,sage,False,12,24,1,7.504155e-05,182,44
235166,11,128,64,1,192,256,19,4,1,2,8,4,8,1,sage,False,12,24,1,8.409582e-05,406,258
235189,11,128,64,1,192,256,19,4,1,4,8,2,4,1,sage,False,12,24,1,0.00013541778,392,86
236224,11,128,64,2,192,64,19,1,1,4,2,2,4,1,sage,False,12,24,1,0.00013630355999999998,160,46
236774,11,128,64,2,192,128,19,4,1,2,4,2,8,1,sage,False,12,24,1,0.00016569081,404,246
23715,11,128,64,1,192,128,19,1,1,8,4,2,2,1,gcn,True,12,24,1,8.058267e-05,128,32
237491,11,128,64,3,192,64,19,4,1,8,8,8,8,1,sage,True,12,24,1,0.00011898090000000001,724,546
23958,11,128,64,1,192,128,19,4,1,8,4,2,2,1,gcn,True,12,24,1,0.00013316004,188,44
240099,11,128,64,4,192,64,19,1,1,2,4,8,2,1,sage,False,12,24,1,0.00054647964,270,64
240337,11,128,64,4,192,64,19,4,1,2,4,2,4,1,sage,False,12,24,1,0.00055410867,336,106
240472,11,128,64,4,192,128,19,1,1,8,4,2,4,1,sage,False,12,24,1,0.00015673644000000002,564,358
241557,11,128,128,1,384,128,19,3,1,2,4,8,2,1,sage,True,12,24,1,0.00012884769,206,44
244785,11,128,128,2,384,256,19,3,1,2,2,4,2,1,sage,False,12,24,1,0.00047993292,312,40
244911,11,128,128,2,384,256,19,4,1,4,8,4,2,1,sage,False,12,24,1,0.00035424207,396,104
24526,11,128,64,1,192,64,19,3,1,8,4,2,4,1,gcn,False,12,24,1,6.450543e-05,152,70
246528,11,128,128,3,384,128,19,4,1,4,8,2,2,1,sage,False,12,24,1,0.00027439866000000004,356,132
246641,11,128,128,3,384,256,19,1,1,8,8,4,8,1,sage,False,12,24,1,0.00013875111000000002,580,322
247267,11,128,128,4,384,128,19,1,1,8,2,2,4,1,sage,True,12,24,1,0.00023577066,570,326
247538,11,128,128,4,384,256,19,1,1,2,2,2,8,1,sage,True,12,24,1,0.0007175817,420,62
248514,11,128,128,4,384,256,19,1,1,2,2,8,2,1,sage,False,12,24,1,0.0007293366,412,56
249354,11,128,256,1,768,128,19,3,1,4,4,2,2,1,sage,True,12,24,1,0.00024436539000000004,184,32
249839,11,128,256,1,768,64,19,1,1,4,2,8,8,1,sage,False,12,24,1,0.00017782866,192,86
249874,11,128,256,1,768,64,19,1,1,8,4,8,4,1,sage,False,12,24,1,0.00012738582000000002,182,54
250090,11,128,256,1,768,64,19,4,1,4,4,8,4,1,sage,False,12,24,1,0.00013456863,242,102
250643,11,128,256,1,768,256,19,3,1,4,2,2,8,1,sage,False,12,24,1,0.00023813829,400,166
251179,11,128,256,2,768,128,19,1,1,8,8,8,4,1,sage,True,12,24,1,0.00014493825,422,190
251256,11,128,256,2,768,128,19,2,1,8,8,4,2,1,sage,True,12,24,1,0.00019601379,372,168
252272,11,128,256,2,768,128,19,3,1,4,4,2,8,1,sage,False,12,24,1,0.00024279696,492,202
252616,11,128,256,2,768,256,19,3,1,8,2,4,4,1,sage,False,12,24,1,0.0003423906,496,110
25300,11,128,64,2,192,64,19,1,1,4,2,2,4,1,gcn,True,12,24,1,0.00013890762,148,50
254766,11,128,256,4,768,64,19,2,1,2,8,4,2,1,sage,True,12,24,1,0.00064351917,396,76
255036,11,128,256,4,768,128,19,1,1,4,8,4,2,1,sage,True,12,24,1,0.00033167466000000003,404,156
255467,11,128,256,4,768,256,19,2,1,8,8,2,8,1,sage,True,12,24,1,0.00024375267,826,498
255800,11,128,256,4,768,64,19,3,1,2,2,2,8,1,sage,False,12,24,1,0.0009126264599999999,538,190
256176,11,128,256,4,768,128,19,3,1,8,2,2,2,1,sage,False,12,24,1,0.00043500456,616,328
256527,11,128,256,4,768,256,19,4,1,2,2,2,2,1,sage,False,12,24,1,0.00126399807,482,56
258293,11,256,64,1,192,256,19,1,1,8,4,2,8,1,sage,False,12,24,1,6.889104e-05,174,42
258776,11,256,64,2,192,64,19,3,1,8,2,8,8,1,sage,True,12,24,1,0.00015157494,390,258
259252,11,256,64,2,192,256,19,1,1,4,8,8,4,1,sage,True,12,24,1,0.00016384266,270,118
259303,11,256,64,2,192,256,19,2,1,2,8,4,4,1,sage,True,12,24,1,0.00024451191,314,82
259735,11,256,64,2,192,64,19,3,1,4,8,4,4,1,sage,False,12,24,1,0.00015754896,256,134
260616,11,256,64,3,192,64,19,2,1,4,4,4,2,1,sage,True,12,24,1,0.00037809485999999997,346,96
260956,11,256,64,3,192,128,19,2,1,8,2,2,4,1,sage,True,12,24,1,0.00024267708,400,214
261326,11,256,64,3,192,256,19,3,1,2,8,2,8,1,sage,True,12,24,1,0.00095842395,504,206
26139,11,128,64,2,192,256,19,3,1,8,2,4,2,1,gcn,True,12,24,1,0.00026627346000000004,298,68
261434,11,256,64,3,192,256,19,4,1,4,8,2,8,1,sage,True,12,24,1,0.00039876084,662,330
263417,11,256,64,4,192,64,19,1,1,2,2,4,8,1,sage,False,12,24,1,0.0017795453400000002,416,78
264050,11,256,64,4,192,128,19,4,1,8,4,8,8,1,sage,False,12,24,1,0.00029216421,836,610
264601,11,256,128,1,384,64,19,3,1,8,2,2,4,1,sage,True,12,24,1,0.00011863791,170,58
264765,11,256,128,1,384,128,19,1,1,8,2,4,2,1,sage,True,12,24,1,0.00013002651,164,24
266307,11,256,128,1,384,256,19,4,1,8,2,8,2,1,sage,False,12,24,1,0.00032709924,352,44
266652,11,256,128,2,384,128,19,1,1,2,2,2,2,1,sage,True,12,24,1,0.00057104838,238,28
268055,11,256,128,2,384,256,19,2,1,2,8,8,8,1,sage,False,12,24,1,0.00027865107000000003,422,182
270809,11,256,128,4,384,128,19,4,1,2,8,8,8,1,sage,True,12,24,1,0.00171385443,718,326
272107,11,256,128,4,384,256,19,4,1,4,2,2,4,1,sage,False,12,24,1,0.00083617299,804,158
273083,11,256,256,1,768,256,19,4,1,4,2,4,8,1,sage,True,12,24,1,0.00022646664,604,246
273273,11,256,256,1,768,64,19,2,1,8,2,8,2,1,sage,False,12,24,1,0.00019337643,186,36
273339,11,256,256,1,768,64,19,3,1,4,8,2,2,1,sage,False,12,24,1,0.00015293691,164,40
273568,11,256,256,1,768,128,19,2,1,4,2,4,4,1,sage,False,12,24,1,0.0002052279,268,50
274228,11,256,256,2,768,64,19,2,1,4,4,8,4,1,sage,True,12,24,1,0.00033807491999999996,364,102
275027,11,256,256,2,768,256,19,4,1,4,2,4,8,1,sage,True,12,24,1,0.00057542067,766,266
275307,11,256,256,2,768,64,19,3,1,8,4,8,2,1,sage,False,12,24,1,0.00025957017,364,116
275678,11,256,256,2,768,128,19,4,1,4,2,8,8,1,sage,False,12,24,1,0.00054153126,642,298
276600,11,256,256,3,768,128,19,3,1,8,4,4,2,1,sage,True,12,24,1,0.00039370922999999996,560,236
277005,11,256,256,3,768,256,19,4,1,8,4,4,2,1,sage,True,12,24,1,0.0005949444599999999,648,240
277596,11,256,256,3,768,128,19,4,1,2,4,2,2,1,sage,False,12,24,1,0.0014022363600000001,476,56
277771,11,256,256,3,768,256,19,2,1,2,8,4,4,1,sage,False,12,24,1,0.00115419132,594,90
279216,11,256,256,4,768,64,19,4,1,2,4,2,2,1,sage,False,12,24,1,0.00204060735,534,64
30435,11,128,64,4,192,64,19,4,1,8,2,8,2,1,gcn,False,12,24,1,0.00022464513,372,216
32003,11,128,128,1,384,256,19,4,1,2,2,8,8,1,gcn,True,12,24,1,0.00013972014,453,288
32026,11,128,128,1,384,256,19,4,1,4,2,4,4,1,gcn,True,12,24,1,0.0001910421,441,92
32063,11,128,128,1,384,256,19,4,1,8,4,4,8,1,gcn,True,12,24,1,0.00011755566,461,258
32606,11,128,128,1,384,128,19,3,1,4,4,8,8,1,gcn,False,12,24,1,8.788203e-05,319,226
32652,11,128,128,1,384,128,19,4,1,2,4,2,2,1,gcn,False,12,24,1,0.00017599716000000001,191,44
33021,11,128,128,1,384,256,19,4,1,8,2,2,2,1,gcn,False,12,24,1,0.00038613347999999996,255,42
33479,11,128,128,2,384,128,19,2,1,2,8,8,8,1,gcn,True,12,24,1,0.00016808841,291,180
33494,11,128,128,2,384,128,19,2,1,4,4,4,8,1,gcn,True,12,24,1,0.00015253064999999998,295,150
34516,11,128,128,2,384,128,19,3,1,2,4,2,4,1,gcn,False,12,24,1,0.000243756,251,80
34788,11,128,128,2,384,256,19,2,1,4,4,4,2,1,gcn,False,12,24,1,0.00026041599,259,60
34791,11,128,128,2,384,256,19,2,1,4,4,8,2,1,gcn,False,12,24,1,0.00024166143,319,68
36220,11,128,128,3,384,64,19,4,1,2,4,4,4,1,gcn,False,12,24,1,0.0004191138,279,112
36702,11,128,128,3,384,256,19,2,1,2,4,2,2,1,gcn,False,12,24,1,0.0005644483200000001,265,54
36,11,64,64,1,192,64,19,1,1,4,4,2,2,1,gcn,True,12,24,1,6.630363000000001e-05,108,32
37152,11,128,128,4,384,64,19,3,1,8,2,2,2,1,gcn,True,12,24,1,0.0002864133,391,200
37733,11,128,128,4,384,256,19,2,1,8,4,4,8,1,gcn,True,12,24,1,0.00023623353,583,306
38662,11,128,128,4,384,256,19,2,1,2,8,8,4,1,gcn,False,12,24,1,0.0005966660700000001,435,112
38795,11,128,128,4,384,256,19,3,1,8,8,4,8,1,gcn,False,12,24,1,0.00024290685,689,402
4116,11,64,64,3,192,64,19,3,1,8,4,4,2,1,gcn,True,12,24,1,0.00010902086999999999,286,278
41457,11,128,256,2,768,128,19,4,1,8,4,4,2,1,gcn,True,12,24,1,0.00027400239000000004,303,88
42073,11,128,256,2,768,64,19,4,1,4,2,8,4,1,gcn,False,12,24,1,0.00034205760000000004,299,122
42176,11,128,256,2,768,128,19,1,1,8,2,2,8,1,gcn,False,12,24,1,0.00027796176,315,74
42322,11,128,256,2,768,128,19,3,1,4,4,4,4,1,gcn,False,12,24,1,0.00025292682000000003,345,98
42648,11,128,256,2,768,256,19,3,1,4,4,8,2,1,gcn,False,12,24,1,0.00039857103,391,72
43187,11,128,256,3,768,128,19,2,1,2,4,4,8,1,gcn,True,12,24,1,0.00053415198,425,148
43760,11,128,256,3,768,64,19,1,1,2,8,2,8,1,gcn,False,12,24,1,0.00043430192999999997,285,76
43863,11,128,256,3,768,64,19,2,1,4,4,8,2,1,gcn,False,12,24,1,0.00030039597000000004,287,88
44377,11,128,256,3,768,128,19,4,1,8,4,8,4,1,gcn,False,12,24,1,0.00025573734,477,218
44391,11,128,256,3,768,256,19,1,1,2,2,4,2,1,gcn,False,12,24,1,0.00080480439,283,50
45572,11,128,256,4,768,256,19,3,1,4,8,4,8,1,gcn,True,12,24,1,0.00033442524,685,270
4664,11,64,64,3,192,256,19,2,1,4,8,2,8,1,gcn,True,12,24,1,0.00012141846,356,296
47093,11,256,64,1,192,128,19,2,1,4,2,4,8,1,gcn,True,12,24,1,7.5258e-05,206,128
47823,11,256,64,1,192,64,19,3,1,4,2,8,2,1,gcn,False,12,24,1,8.345313000000001e-05,114,50
47989,11,256,64,1,192,128,19,1,1,4,4,2,4,1,gcn,False,12,24,1,6.728264999999999e-05,130,38
48041,11,256,64,1,192,128,19,2,1,2,2,8,8,1,gcn,False,12,24,1,7.419240000000001e-05,238,160
48901,11,256,64,2,192,64,19,4,1,8,2,4,4,1,gcn,True,12,24,1,0.00017518464,226,118
49129,11,256,64,2,192,128,19,3,1,4,4,8,4,1,gcn,True,12,24,1,0.00020614365,222,114
49718,11,256,64,2,192,64,19,2,1,8,4,2,8,1,gcn,False,12,24,1,0.0001663335,266,154
5088,11,64,64,3,192,64,19,3,1,8,4,4,2,1,gcn,False,12,24,1,0.00010901421000000001,284,278
51267,11,256,64,3,192,256,19,1,1,8,8,4,2,1,gcn,True,12,24,1,0.00029023281,380,176
51420,11,256,64,3,192,256,19,3,1,8,4,4,2,1,gcn,True,12,24,1,0.00041607351,424,152
51780,11,256,64,3,192,64,19,4,1,2,8,4,2,1,gcn,False,12,24,1,0.00098818749,248,74
52114,11,256,64,3,192,128,19,4,1,4,2,4,4,1,gcn,False,12,24,1,0.00045045576,340,126
52523,11,256,64,4,192,64,19,1,1,4,2,8,8,1,gcn,True,12,24,1,0.00063643626,414,150
52747,11,256,64,4,192,64,19,4,1,2,4,8,4,1,gcn,True,12,24,1,0.00171269559,378,136
52796,11,256,64,4,192,64,19,4,1,8,4,2,8,1,gcn,True,12,24,1,0.00035701596000000004,618,418
52911,11,256,64,4,192,128,19,2,1,2,8,2,2,1,gcn,True,12,24,1,0.00173308518,344,70
53215,11,256,64,4,192,256,19,1,1,8,8,8,4,1,gcn,True,12,24,1,0.00036284679,482,270
54856,11,256,128,1,384,128,19,2,1,2,8,2,4,1,gcn,True,12,24,1,9.466524e-05,195,58
54917,11,256,128,1,384,128,19,2,1,8,8,8,8,1,gcn,True,12,24,1,7.275383999999999e-05,253,166
56964,11,256,128,2,384,128,19,4,1,2,8,4,2,1,gcn,True,12,24,1,0.00034321311,297,66
57177,11,256,128,2,384,256,19,2,1,8,8,2,2,1,gcn,True,12,24,1,0.0003294702,289,108
599,11,64,64,1,192,128,19,4,1,4,2,4,8,1,gcn,True,12,24,1,8.217774000000001e-05,354,256
60238,11,256,128,3,384,256,19,4,1,8,2,2,4,1,gcn,False,12,24,1,0.00042274683000000004,553,178
60299,11,256,128,4,384,64,19,1,1,4,2,8,8,1,gcn,True,12,24,1,0.00074320938,433,150
60350,11,256,128,4,384,64,19,2,1,2,2,4,8,1,gcn,True,12,24,1,0.00198116685,419,152
60476,11,256,128,4,384,64,19,3,1,4,8,4,8,1,gcn,True,12,24,1,0.00062736867,555,270
60701,11,256,128,4,384,128,19,2,1,4,2,4,8,1,gcn,True,12,24,1,0.0007521038100000001,513,182
60821,11,256,128,4,384,128,19,3,1,8,4,8,8,1,gcn,True,12,24,1,0.00037279017,601,402
60841,11,256,128,4,384,128,19,4,1,2,4,2,4,1,gcn,True,12,24,1,0.0018433381500000002,439,112
61412,11,256,128,4,384,64,19,3,1,2,4,4,8,1,gcn,False,12,24,1,0.00180623196,489,220
61453,11,256,128,4,384,64,19,3,1,8,2,2,4,1,gcn,False,12,24,1,0.00042431526,447,230
62339,11,256,256,1,768,64,19,2,1,4,8,4,8,1,gcn,True,12,24,1,0.00010456866,261,134
62343,11,256,256,1,768,64,19,2,1,8,2,2,2,1,gcn,True,12,24,1,0.00022321656,141,34
62754,11,256,256,1,768,128,19,3,1,8,2,8,2,1,gcn,True,12,24,1,0.00023775534,281,50
64956,11,256,256,2,768,256,19,2,1,8,8,4,2,1,gcn,True,12,24,1,0.00035078885999999997,331,112
65182,11,256,256,2,768,64,19,1,1,8,2,4,4,1,gcn,False,12,24,1,0.00037271358,279,70
6520,11,64,64,4,192,256,19,1,1,4,4,4,4,1,gcn,True,12,24,1,0.00014001651000000002,303,295
65244,11,256,256,2,768,64,19,2,1,4,4,4,2,1,gcn,False,12,24,1,0.00036208755,273,60
65436,11,256,256,2,768,64,19,4,1,8,4,8,2,1,gcn,False,12,24,1,0.00026809164,297,96
67969,11,256,256,3,768,256,19,4,1,2,4,2,4,1,gcn,False,12,24,1,0.00141930594,555,104
68275,11,256,256,4,768,64,19,3,1,8,8,2,4,1,gcn,True,12,24,1,0.00040504455,529,278
68416,11,256,256,4,768,128,19,1,1,4,8,8,4,1,gcn,True,12,24,1,0.00067635963,545,138
68430,11,256,256,4,768,128,19,1,1,8,4,4,2,1,gcn,True,12,24,1,0.00047408544,487,212
6922,11,64,64,4,192,64,19,2,1,4,4,2,4,1,gcn,False,12,24,1,0.0001295037,267,303
69386,11,256,256,4,768,128,19,1,1,4,8,4,8,1,gcn,False,12,24,1,0.00067447152,545,142
69950,11,256,256,4,768,256,19,4,1,4,8,2,8,1,gcn,False,12,24,1,0.00073408185,765,318
70693,11,64,64,1,192,256,19,1,1,8,2,8,4,1,gin,True,12,24,1,0.00014933385,164,48
72591,11,64,64,2,192,256,19,1,1,2,4,8,2,1,gin,True,12,24,1,0.00022032279,209,43
73019,11,64,64,2,192,64,19,2,1,4,4,2,8,1,gin,False,12,24,1,0.00011810844,259,135
73267,11,64,64,2,192,128,19,1,1,4,4,8,4,1,gin,False,12,24,1,0.00012020301000000002,195,83
7361,11,64,64,4,192,128,19,3,1,8,4,8,8,1,gcn,False,12,24,1,0.00012210777,579,591
74708,11,64,64,3,192,256,19,3,1,2,8,8,8,1,gin,True,12,24,1,0.00027700605,410,242
7492,11,64,64,4,192,256,19,1,1,4,4,4,4,1,gcn,False,12,24,1,0.00014000319,299,295
76731,11,64,64,4,192,256,19,4,1,2,8,8,2,1,gin,True,12,24,1,0.00052383564,419,81
76733,11,64,64,4,192,256,19,4,1,2,8,8,8,1,gin,True,12,24,1,0.00034391574,523,315
77050,11,64,64,4,192,64,19,4,1,2,8,2,4,1,gin,False,12,24,1,0.00032287014000000004,301,111
7722,11,64,64,4,192,256,19,4,1,4,2,2,2,1,gcn,False,12,24,1,0.00038127834000000003,381,285
77786,11,64,128,1,384,64,19,1,1,2,8,8,8,1,gin,True,12,24,1,0.00010187469,179,90
77805,11,64,128,1,384,64,19,1,1,4,8,2,2,1,gin,True,12,24,1,0.00012291363,137,24
78024,11,64,128,1,384,64,19,4,1,2,8,4,2,1,gin,True,12,24,1,0.00012903084,157,40
78337,11,64,128,1,384,128,19,4,1,2,4,2,4,1,gin,True,12,24,1,0.0001867797,237,74
78407,11,64,128,1,384,128,19,4,1,8,8,8,8,1,gin,True,12,24,1,0.00011534454000000001,403,282
79179,11,64,128,1,384,128,19,2,1,4,4,8,2,1,gin,False,12,24,1,0.00017909406,187,36
79342,11,64,128,1,384,128,19,4,1,4,4,8,4,1,gin,False,12,24,1,0.00017207442,235,98
799,11,64,64,1,192,256,19,2,1,8,4,8,4,1,gcn,True,12,24,1,8.800524000000001e-05,234,78
8013,11,64,128,1,384,64,19,3,1,8,8,4,2,1,gcn,True,12,24,1,8.798193000000001e-05,149,48
80432,11,64,128,2,384,256,19,1,1,8,8,8,8,1,gin,True,12,24,1,0.00013047273,414,219
80971,11,64,128,2,384,64,19,4,1,4,8,8,4,1,gin,False,12,24,1,0.0001335663,276,147
81612,11,64,128,2,384,256,19,4,1,4,8,2,2,1,gin,False,12,24,1,0.00040580712,346,81
81739,11,64,128,3,384,64,19,2,1,2,4,2,4,1,gin,True,12,24,1,0.00027382590000000004,233,62
82673,11,64,128,3,384,64,19,1,1,4,8,8,8,1,gin,False,12,24,1,0.00014692292999999998,321,168
82946,11,64,128,3,384,128,19,1,1,2,2,2,8,1,gin,False,12,24,1,0.00032494473,251,54
83927,11,64,128,4,384,128,19,1,1,2,4,2,8,1,gin,True,12,24,1,0.00033087213,294,67
84247,11,64,128,4,384,256,19,1,1,2,2,8,4,1,gin,True,12,24,1,0.00039081213,350,75
84910,11,64,128,4,384,128,19,1,1,2,8,4,4,1,gin,False,12,24,1,0.00033241725,296,71
8498,11,64,128,1,384,256,19,1,1,8,8,2,8,1,gcn,True,12,24,1,9.017973e-05,245,54
85910,11,64,256,1,768,128,19,1,1,4,8,4,8,1,gin,True,12,24,1,0.00017388927,265,58
86861,11,64,256,1,768,128,19,1,1,4,2,2,8,1,gin,False,12,24,1,0.00046788830999999997,259,36
87323,11,64,256,1,768,256,19,3,1,2,2,4,8,1,gin,False,12,24,1,0.00048855429,537,180
87336,11,64,256,1,768,256,19,3,1,2,8,2,2,1,gin,False,12,24,1,0.00046430523,245,32
88827,11,64,256,2,768,128,19,1,1,4,8,8,2,1,gin,False,12,24,1,0.00018528120000000002,328,81
89381,11,64,256,2,768,256,19,4,1,4,4,2,8,1,gin,False,12,24,1,0.00026488152,534,263
91655,11,64,256,4,768,64,19,4,1,4,4,8,8,1,gin,True,12,24,1,0.00024568407,602,377
93474,11,128,64,1,192,64,19,3,1,2,2,2,2,1,gin,True,12,24,1,0.00015804513000000002,120,26
94155,11,128,64,1,192,256,19,3,1,4,2,8,2,1,gin,True,12,24,1,0.00028655649,246,38
94538,11,128,64,1,192,64,19,4,1,2,4,2,8,1,gin,False,12,24,1,9.86679e-05,338,230
95536,11,128,64,2,192,64,19,4,1,4,4,2,4,1,gin,True,12,24,1,0.0001851147,246,107
96400,11,128,64,2,192,64,19,3,1,2,4,2,4,1,gin,False,12,24,1,0.00034383915,206,69
96978,11,128,64,2,192,256,19,2,1,2,8,4,2,1,gin,False,12,24,1,0.00043114841999999996,272,47
9738,11,64,128,2,384,64,19,1,1,2,8,2,2,1,gcn,True,12,24,1,0.00013032621,172,113
97900,11,128,64,3,192,256,19,1,1,4,8,8,4,1,gin,True,12,24,1,0.00023083227000000002,328,132
98566,11,128,64,3,192,128,19,1,1,8,4,8,4,1,gin,False,12,24,1,0.00016446537,446,280
98839,11,128,64,3,192,256,19,1,1,2,8,2,4,1,gin,False,12,24,1,0.00047719233,280,54
99295,11,128,64,4,192,64,19,2,1,8,4,8,4,1,gin,True,12,24,1,0.00019621692000000002,640,425
99813,11,128,64,4,192,256,19,1,1,2,8,4,2,1,gin,True,12,24,1,0.00059976963,332,61
99855,11,128,64,4,192,256,19,1,1,8,4,2,2,1,gin,True,12,24,1,0.00024676299000000004,630,379
